"arc_length","U_Magnitude","U_X","U_Poiseuille"
0	0	0	0
0.55	0	0	0
1.1	0	0	0
1.65	0	0	0
2.2	1.65778e-07	-1.65747e-07	0
2.75	1.65778e-07	-1.65747e-07	0
3.3	4.80164e-07	-4.80058e-07	0
3.85	4.80164e-07	-4.80058e-07	0
4.4	7.83434e-07	-7.83189e-07	0
4.95	7.83434e-07	-7.83189e-07	0
5.5	1.07614e-06	-1.07567e-06	0
6.05	1.35878e-06	-1.358e-06	0
6.6	1.35878e-06	-1.358e-06	0
7.15	1.63184e-06	-1.63063e-06	0
7.7	1.63184e-06	-1.63063e-06	0
8.25	1.89579e-06	-1.89402e-06	0
8.8	1.89579e-06	-1.89402e-06	0
9.35	2.15104e-06	-2.14858e-06	0
9.9	2.15104e-06	-2.14858e-06	0
10.45	2.39801e-06	-2.3947e-06	0
11	2.39801e-06	-2.3947e-06	0
11.55	2.6371e-06	-2.63275e-06	0
12.1	2.86866e-06	-2.86311e-06	0
12.65	2.86866e-06	-2.86311e-06	0
13.2	3.09306e-06	-3.08608e-06	0
13.75	3.09306e-06	-3.08608e-06	0
14.3	3.31063e-06	-3.302e-06	0
14.85	3.31063e-06	-3.302e-06	0
15.4	3.52166e-06	-3.51116e-06	0
15.95	3.52166e-06	-3.51116e-06	0
16.5	3.72648e-06	-3.71383e-06	0
17.05	3.92535e-06	-3.91027e-06	0
17.6	3.92535e-06	-3.91027e-06	0
18.15	4.11853e-06	-4.10072e-06	0
18.7	4.11853e-06	-4.10072e-06	0
19.25	4.30628e-06	-4.28541e-06	0
19.8	4.30628e-06	-4.28541e-06	0
20.35	4.48884e-06	-4.46455e-06	0
20.9	4.48884e-06	-4.46455e-06	0
21.45	4.66641e-06	-4.63833e-06	0
22	4.66641e-06	-4.63833e-06	0
22.55	4.83922e-06	-4.80692e-06	0
23.1	5.00745e-06	-4.97049e-06	0
23.65	5.00745e-06	-4.97049e-06	0
24.2	5.17128e-06	-5.12919e-06	0
24.75	5.17128e-06	-5.12919e-06	0
25.3	5.33089e-06	-5.28314e-06	0
25.85	5.33089e-06	-5.28314e-06	0
26.4	5.48643e-06	-5.43246e-06	0
26.95	5.48643e-06	-5.43246e-06	0
27.5	5.63805e-06	-5.57726e-06	0
28.05	5.7859e-06	-5.71762e-06	0
28.6	5.7859e-06	-5.71762e-06	0
29.15	5.93009e-06	-5.85363e-06	0
29.7	5.93009e-06	-5.85363e-06	0
30.25	6.07074e-06	-5.98533e-06	0
30.8	6.07074e-06	-5.98533e-06	0
31.35	6.20796e-06	-6.11279e-06	0
31.9	6.20796e-06	-6.11279e-06	0
32.45	6.34186e-06	-6.23603e-06	0
33	6.34186e-06	-6.23603e-06	0
33.55	6.47252e-06	-6.35507e-06	0
34.1	6.60003e-06	-6.46993e-06	0
34.65	6.60003e-06	-6.46993e-06	0
35.2	6.72446e-06	-6.58059e-06	0
35.75	6.72446e-06	-6.58059e-06	0
36.3	6.84588e-06	-6.68704e-06	0
36.85	6.84588e-06	-6.68704e-06	0
37.4	6.96434e-06	-6.78925e-06	0
37.95	6.96434e-06	-6.78925e-06	0
38.5	7.07992e-06	-6.88717e-06	0
39.05	7.19265e-06	-6.98074e-06	0
39.6	7.19265e-06	-6.98074e-06	0
40.15	7.30258e-06	-7.06989e-06	0
40.7	7.30258e-06	-7.06989e-06	0
41.25	7.40974e-06	-7.15454e-06	0
41.8	7.40974e-06	-7.15454e-06	0
42.35	7.51417e-06	-7.23458e-06	0
42.9	7.51417e-06	-7.23458e-06	0
43.45	7.61588e-06	-7.30991e-06	0
44	7.61588e-06	-7.30991e-06	0
44.55	7.71492e-06	-7.38039e-06	0
45.1	7.81128e-06	-7.44589e-06	0
45.65	7.81128e-06	-7.44589e-06	0
46.2	7.905e-06	-7.50625e-06	0
46.75	7.905e-06	-7.50625e-06	0
47.3	7.99607e-06	-7.56131e-06	0
47.85	7.99607e-06	-7.56131e-06	0
48.4	8.08452e-06	-7.61088e-06	0
48.95	8.08452e-06	-7.61088e-06	0
49.5	8.17032e-06	-7.65476e-06	0
50.05	8.25352e-06	-7.69275e-06	0
50.6	8.25352e-06	-7.69275e-06	0
51.15	8.33408e-06	-7.72462e-06	0
51.7	8.33408e-06	-7.72462e-06	0
52.25	8.41204e-06	-7.75013e-06	0
52.8	8.41204e-06	-7.75013e-06	0
53.35	8.48736e-06	-7.76903e-06	0
53.9	8.48736e-06	-7.76903e-06	0
54.45	8.56007e-06	-7.78104e-06	0
55	8.56007e-06	-7.78104e-06	0
55.55	8.63013e-06	-7.78588e-06	0
56.1	8.69759e-06	-7.78325e-06	0
56.65	8.69759e-06	-7.78325e-06	0
57.2	8.7624e-06	-7.77285e-06	0
57.75	8.7624e-06	-7.77285e-06	0
58.3	8.8246e-06	-7.75433e-06	0
58.85	8.8246e-06	-7.75433e-06	0
59.4	8.88414e-06	-7.72736e-06	0
59.95	8.88414e-06	-7.72736e-06	0
60.5	8.9411e-06	-7.69157e-06	0
61.05	8.9954e-06	-7.64659e-06	0
61.6	8.9954e-06	-7.64659e-06	0
62.15	9.04714e-06	-7.59204e-06	0
62.7	9.04714e-06	-7.59204e-06	0
63.25	9.09625e-06	-7.5275e-06	0
63.8	9.09625e-06	-7.5275e-06	0
64.35	9.14283e-06	-7.45257e-06	0
64.9	9.14283e-06	-7.45257e-06	0
65.45	9.18683e-06	-7.3668e-06	0
66	9.18683e-06	-7.3668e-06	0
66.55	9.22836e-06	-7.26975e-06	0
67.1	9.2674e-06	-7.16097e-06	0
67.65	9.2674e-06	-7.16097e-06	0
68.2	9.30408e-06	-7.03997e-06	0
68.75	9.30408e-06	-7.03997e-06	0
69.3	9.33838e-06	-6.90626e-06	0
69.85	9.33838e-06	-6.90626e-06	0
70.4	9.37049e-06	-6.75936e-06	0
70.95	9.37049e-06	-6.75936e-06	0
71.5	9.40041e-06	-6.59875e-06	0
72.05	9.42837e-06	-6.42389e-06	0
72.6	9.42837e-06	-6.42389e-06	0
73.15	9.45442e-06	-6.23428e-06	0
73.7	9.45442e-06	-6.23428e-06	0
74.25	9.47886e-06	-6.02935e-06	0
74.8	9.47886e-06	-6.02935e-06	0
75.35	9.50178e-06	-5.80855e-06	0
75.9	9.50178e-06	-5.80855e-06	0
76.45	9.52359e-06	-5.57133e-06	0
77	9.52359e-06	-5.57133e-06	0
77.55	9.54445e-06	-5.31712e-06	0
78.1	9.56488e-06	-5.04535e-06	0
78.65	9.56488e-06	-5.04535e-06	0
79.2	9.58516e-06	-4.75543e-06	0
79.75	9.58516e-06	-4.75543e-06	0
80.3	9.60597e-06	-4.44679e-06	0
80.85	9.60597e-06	-4.44679e-06	0
81.4	9.62775e-06	-4.11885e-06	0
81.95	9.62775e-06	-4.11885e-06	0
82.5	9.65135e-06	-3.77101e-06	0
83.05	9.67742e-06	-3.40271e-06	0
83.6	9.67742e-06	-3.40271e-06	0
84.15	9.70707e-06	-3.01336e-06	0
84.7	9.70707e-06	-3.01336e-06	0
85.25	9.74118e-06	-2.60239e-06	0
85.8	9.74118e-06	-2.60239e-06	0
86.35	9.78116e-06	-2.16924e-06	0
86.9	9.78116e-06	-2.16924e-06	0
87.45	9.82821e-06	-1.71334e-06	0
88	9.82821e-06	-1.71334e-06	0
88.55	9.88406e-06	-1.23414e-06	0
89.1	9.95026e-06	-7.31117e-07	0
89.65	9.95026e-06	-7.31117e-07	0
90.2	1.00289e-05	-2.03747e-07	0
90.75	1.00289e-05	-2.03747e-07	0
91.3	1.01219e-05	3.48473e-07	0
91.85	1.01219e-05	3.48473e-07	0
92.4	1.02317e-05	9.26025e-07	0
92.95	1.02317e-05	9.26025e-07	0
93.5	1.03605e-05	1.52937e-06	0
94.05	1.05111e-05	2.15895e-06	0
94.6	1.05111e-05	2.15895e-06	0
95.15	1.06858e-05	2.81517e-06	0
95.7	1.06858e-05	2.81517e-06	0
96.25	1.08877e-05	3.49842e-06	0
96.8	1.08877e-05	3.49842e-06	0
97.35	1.11192e-05	4.20904e-06	0
97.9	1.11192e-05	4.20904e-06	0
98.45	1.13833e-05	4.94736e-06	0
99	1.13833e-05	4.94736e-06	0
99.55	1.16823e-05	5.71367e-06	0
100.1	1.2019e-05	6.5082e-06	0
100.65	1.2019e-05	6.5082e-06	0
101.2	1.23954e-05	7.33118e-06	0
101.75	1.23954e-05	7.33118e-06	0
102.3	1.2814e-05	8.18277e-06	0
102.85	1.2814e-05	8.18277e-06	0
103.4	1.32763e-05	9.0631e-06	0
103.95	1.32763e-05	9.0631e-06	0
104.5	1.37842e-05	9.97225e-06	0
105.05	1.43388e-05	1.09103e-05	0
105.6	1.43388e-05	1.09103e-05	0
106.15	1.49415e-05	1.18771e-05	0
106.7	1.49415e-05	1.18771e-05	0
107.25	1.55928e-05	1.28728e-05	0
107.8	1.55928e-05	1.28728e-05	0
108.35	1.62935e-05	1.38972e-05	0
108.9	1.62935e-05	1.38972e-05	0
109.45	1.70437e-05	1.49502e-05	0
110	1.70437e-05	1.49502e-05	0
110.55	1.78438e-05	1.60315e-05	0
111.1	1.86933e-05	1.7141e-05	0
111.65	1.86933e-05	1.7141e-05	0
112.2	1.95921e-05	1.82781e-05	0
112.75	1.95921e-05	1.82781e-05	0
113.3	2.05389e-05	1.94419e-05	0
113.85	2.05389e-05	1.94419e-05	0
114.4	2.15311e-05	2.06298e-05	0
114.95	2.15311e-05	2.06298e-05	0
115.5	2.25613e-05	2.18345e-05	0
116.05	2.36074e-05	2.30342e-05	0
116.6	2.36074e-05	2.30342e-05	0
117.15	2.46013e-05	2.41602e-05	0
117.7	2.46013e-05	2.41602e-05	0
118.25	2.5379e-05	2.50478e-05	0
118.8	2.5379e-05	2.50478e-05	0
119.35	2.57739e-05	2.55318e-05	0
119.9	2.57739e-05	2.55318e-05	0
120.45	2.58741e-05	2.57042e-05	0
121	2.58741e-05	2.57042e-05	0
121.55	2.58768e-05	2.57656e-05	0
122.1	2.58663e-05	2.58012e-05	0
122.65	2.58663e-05	2.58012e-05	0
123.2	2.58592e-05	2.58276e-05	0
123.75	2.58592e-05	2.58276e-05	0
124.3	2.58616e-05	2.58515e-05	0
124.85	2.58616e-05	2.58515e-05	0
125.4	2.58775e-05	2.58769e-05	0
125.95	2.58775e-05	2.58769e-05	0
126.5	2.59032e-05	2.59003e-05	4.62467e-07
127.05	2.59457e-05	2.59289e-05	1.37919e-06
127.6	2.59457e-05	2.59289e-05	1.37919e-06
128.15	2.6006e-05	2.59639e-05	2.29039e-06
128.7	2.6006e-05	2.59639e-05	2.29039e-06
129.25	2.60853e-05	2.60071e-05	3.19588e-06
129.8	2.60853e-05	2.60071e-05	3.19588e-06
130.35	2.61846e-05	2.60595e-05	4.09552e-06
130.9	2.61846e-05	2.60595e-05	4.09552e-06
131.45	2.63035e-05	2.61216e-05	4.98912e-06
132	2.63035e-05	2.61216e-05	4.98912e-06
132.55	2.64416e-05	2.61935e-05	5.87654e-06
133.1	2.65981e-05	2.62752e-05	6.75762e-06
133.65	2.65981e-05	2.62752e-05	6.75762e-06
134.2	2.67722e-05	2.63667e-05	7.63219e-06
134.75	2.67722e-05	2.63667e-05	7.63219e-06
135.3	2.69629e-05	2.64678e-05	8.50012e-06
135.85	2.69629e-05	2.64678e-05	8.50012e-06
136.4	2.71693e-05	2.65785e-05	9.36126e-06
136.95	2.71693e-05	2.65785e-05	9.36126e-06
137.5	2.73903e-05	2.66985e-05	1.02155e-05
138.05	2.76248e-05	2.68278e-05	1.10626e-05
138.6	2.76248e-05	2.68278e-05	1.10626e-05
139.15	2.78719e-05	2.69662e-05	1.19025e-05
139.7	2.78719e-05	2.69662e-05	1.19025e-05
140.25	2.81304e-05	2.71135e-05	1.27351e-05
140.8	2.81304e-05	2.71135e-05	1.27351e-05
141.35	2.83993e-05	2.72697e-05	1.35603e-05
141.9	2.83993e-05	2.72697e-05	1.35603e-05
142.45	2.86777e-05	2.74344e-05	1.43779e-05
143	2.86777e-05	2.74344e-05	1.43779e-05
143.55	2.89645e-05	2.76076e-05	1.51879e-05
144.1	2.92587e-05	2.77891e-05	1.59901e-05
144.65	2.92587e-05	2.77891e-05	1.59901e-05
145.2	2.95595e-05	2.79787e-05	1.67845e-05
145.75	2.95595e-05	2.79787e-05	1.67845e-05
146.3	2.98661e-05	2.81761e-05	1.75709e-05
146.85	2.98661e-05	2.81761e-05	1.75709e-05
147.4	3.01776e-05	2.83812e-05	1.83494e-05
147.95	3.01776e-05	2.83812e-05	1.83494e-05
148.5	3.04932e-05	2.85938e-05	1.91198e-05
149.05	3.08123e-05	2.88137e-05	1.98821e-05
149.6	3.08123e-05	2.88137e-05	1.98821e-05
150.15	3.11342e-05	2.90406e-05	2.06362e-05
150.7	3.11342e-05	2.90406e-05	2.06362e-05
151.25	3.14584e-05	2.92744e-05	2.13821e-05
151.8	3.14584e-05	2.92744e-05	2.13821e-05
152.35	3.17842e-05	2.95148e-05	2.21198e-05
152.9	3.17842e-05	2.95148e-05	2.21198e-05
153.45	3.21113e-05	2.97616e-05	2.28492e-05
154	3.21113e-05	2.97616e-05	2.28492e-05
154.55	3.24392e-05	3.00146e-05	2.35702e-05
155.1	3.27675e-05	3.02735e-05	2.4283e-05
155.65	3.27675e-05	3.02735e-05	2.4283e-05
156.2	3.30958e-05	3.05382e-05	2.49874e-05
156.75	3.30958e-05	3.05382e-05	2.49874e-05
157.3	3.3424e-05	3.08084e-05	2.56835e-05
157.85	3.3424e-05	3.08084e-05	2.56835e-05
158.4	3.37517e-05	3.10838e-05	2.63713e-05
158.95	3.37517e-05	3.10838e-05	2.63713e-05
159.5	3.40787e-05	3.13644e-05	2.70508e-05
160.05	3.44048e-05	3.16498e-05	2.77219e-05
160.6	3.44048e-05	3.16498e-05	2.77219e-05
161.15	3.473e-05	3.19398e-05	2.83848e-05
161.7	3.473e-05	3.19398e-05	2.83848e-05
162.25	3.5054e-05	3.22342e-05	2.90395e-05
162.8	3.5054e-05	3.22342e-05	2.90395e-05
163.35	3.53768e-05	3.25327e-05	2.96859e-05
163.9	3.53768e-05	3.25327e-05	2.96859e-05
164.45	3.56983e-05	3.28353e-05	3.03241e-05
165	3.56983e-05	3.28353e-05	3.03241e-05
165.55	3.60185e-05	3.31416e-05	3.09543e-05
166.1	3.63373e-05	3.34514e-05	3.15763e-05
166.65	3.63373e-05	3.34514e-05	3.15763e-05
167.2	3.66548e-05	3.37646e-05	3.21903e-05
167.75	3.66548e-05	3.37646e-05	3.21903e-05
168.3	3.69708e-05	3.40809e-05	3.27963e-05
168.85	3.69708e-05	3.40809e-05	3.27963e-05
169.4	3.72856e-05	3.44002e-05	3.33944e-05
169.95	3.72856e-05	3.44002e-05	3.33944e-05
170.5	3.75989e-05	3.47221e-05	3.39846e-05
171.05	3.7911e-05	3.50466e-05	3.4567e-05
171.6	3.7911e-05	3.50466e-05	3.4567e-05
172.15	3.82218e-05	3.53735e-05	3.51417e-05
172.7	3.82218e-05	3.53735e-05	3.51417e-05
173.25	3.85314e-05	3.57025e-05	3.57087e-05
173.8	3.85314e-05	3.57025e-05	3.57087e-05
174.35	3.88397e-05	3.60334e-05	3.62681e-05
174.9	3.88397e-05	3.60334e-05	3.62681e-05
175.45	3.9147e-05	3.63662e-05	3.682e-05
176	3.9147e-05	3.63662e-05	3.682e-05
176.55	3.94531e-05	3.67006e-05	3.73644e-05
177.1	3.97583e-05	3.70364e-05	3.79015e-05
177.65	3.97583e-05	3.70364e-05	3.79015e-05
178.2	4.00624e-05	3.73736e-05	3.84312e-05
178.75	4.00624e-05	3.73736e-05	3.84312e-05
179.3	4.03655e-05	3.77118e-05	3.89538e-05
179.85	4.03655e-05	3.77118e-05	3.89538e-05
180.4	4.06677e-05	3.80511e-05	3.94692e-05
180.95	4.06677e-05	3.80511e-05	3.94692e-05
181.5	4.09691e-05	3.83911e-05	3.99776e-05
182.05	4.12697e-05	3.87318e-05	4.0479e-05
182.6	4.12697e-05	3.87318e-05	4.0479e-05
183.15	4.15694e-05	3.90731e-05	4.09735e-05
183.7	4.15694e-05	3.90731e-05	4.09735e-05
184.25	4.18683e-05	3.94147e-05	4.14612e-05
184.8	4.18683e-05	3.94147e-05	4.14612e-05
185.35	4.21666e-05	3.97566e-05	4.19421e-05
185.9	4.21666e-05	3.97566e-05	4.19421e-05
186.45	4.24641e-05	4.00986e-05	4.24165e-05
187	4.24641e-05	4.00986e-05	4.24165e-05
187.55	4.27609e-05	4.04406e-05	4.28842e-05
188.1	4.3057e-05	4.07824e-05	4.33455e-05
188.65	4.3057e-05	4.07824e-05	4.33455e-05
189.2	4.33524e-05	4.1124e-05	4.38005e-05
189.75	4.33524e-05	4.1124e-05	4.38005e-05
190.3	4.36471e-05	4.14653e-05	4.42491e-05
190.85	4.36471e-05	4.14653e-05	4.42491e-05
191.4	4.39412e-05	4.18061e-05	4.46914e-05
191.95	4.39412e-05	4.18061e-05	4.46914e-05
192.5	4.42346e-05	4.21463e-05	4.51277e-05
193.05	4.45273e-05	4.24858e-05	4.55578e-05
193.6	4.45273e-05	4.24858e-05	4.55578e-05
194.15	4.48193e-05	4.28246e-05	4.5982e-05
194.7	4.48193e-05	4.28246e-05	4.5982e-05
195.25	4.51107e-05	4.31625e-05	4.64003e-05
195.8	4.51107e-05	4.31625e-05	4.64003e-05
196.35	4.54013e-05	4.34994e-05	4.68128e-05
196.9	4.54013e-05	4.34994e-05	4.68128e-05
197.45	4.56912e-05	4.38352e-05	4.72195e-05
198	4.56912e-05	4.38352e-05	4.72195e-05
198.55	4.59803e-05	4.417e-05	4.76205e-05
199.1	4.62686e-05	4.45035e-05	4.8016e-05
199.65	4.62686e-05	4.45035e-05	4.8016e-05
200.2	4.65562e-05	4.48357e-05	4.84059e-05
200.75	4.65562e-05	4.48357e-05	4.84059e-05
201.3	4.68429e-05	4.51665e-05	4.87904e-05
201.85	4.68429e-05	4.51665e-05	4.87904e-05
202.4	4.71287e-05	4.54959e-05	4.91695e-05
202.95	4.71287e-05	4.54959e-05	4.91695e-05
203.5	4.74137e-05	4.58238e-05	4.95434e-05
204.05	4.76977e-05	4.61501e-05	4.9912e-05
204.6	4.76977e-05	4.61501e-05	4.9912e-05
205.15	4.79808e-05	4.64748e-05	5.02754e-05
205.7	4.79808e-05	4.64748e-05	5.02754e-05
206.25	4.82628e-05	4.67977e-05	5.06338e-05
206.8	4.82628e-05	4.67977e-05	5.06338e-05
207.35	4.85439e-05	4.7119e-05	5.09872e-05
207.9	4.85439e-05	4.7119e-05	5.09872e-05
208.45	4.88238e-05	4.74383e-05	5.13356e-05
209	4.88238e-05	4.74383e-05	5.13356e-05
209.55	4.91027e-05	4.77559e-05	5.16791e-05
210.1	4.93804e-05	4.80715e-05	5.20179e-05
210.65	4.93804e-05	4.80715e-05	5.20179e-05
211.2	4.96569e-05	4.83851e-05	5.23518e-05
211.75	4.96569e-05	4.83851e-05	5.23518e-05
212.3	4.99322e-05	4.86968e-05	5.26811e-05
212.85	4.99322e-05	4.86968e-05	5.26811e-05
213.4	5.02062e-05	4.90063e-05	5.30058e-05
213.95	5.02062e-05	4.90063e-05	5.30058e-05
214.5	5.04789e-05	4.93138e-05	5.33259e-05
215.05	5.07503e-05	4.96192e-05	5.36415e-05
215.6	5.07503e-05	4.96192e-05	5.36415e-05
216.15	5.10203e-05	4.99224e-05	5.39526e-05
216.7	5.10203e-05	4.99224e-05	5.39526e-05
217.25	5.12889e-05	5.02233e-05	5.42594e-05
217.8	5.12889e-05	5.02233e-05	5.42594e-05
218.35	5.1556e-05	5.0522e-05	5.45618e-05
218.9	5.1556e-05	5.0522e-05	5.45618e-05
219.45	5.18216e-05	5.08185e-05	5.486e-05
220	5.18216e-05	5.08185e-05	5.486e-05
220.55	5.20857e-05	5.11126e-05	5.51539e-05
221.1	5.23482e-05	5.14044e-05	5.54436e-05
221.65	5.23482e-05	5.14044e-05	5.54436e-05
222.2	5.26091e-05	5.16939e-05	5.57292e-05
222.75	5.26091e-05	5.16939e-05	5.57292e-05
223.3	5.28684e-05	5.1981e-05	5.60108e-05
223.85	5.28684e-05	5.1981e-05	5.60108e-05
224.4	5.3126e-05	5.22656e-05	5.62884e-05
224.95	5.3126e-05	5.22656e-05	5.62884e-05
225.5	5.33819e-05	5.25478e-05	5.65619e-05
226.05	5.3636e-05	5.28276e-05	5.68316e-05
226.6	5.3636e-05	5.28276e-05	5.68316e-05
227.15	5.38883e-05	5.31048e-05	5.70973e-05
227.7	5.38883e-05	5.31048e-05	5.70973e-05
228.25	5.41388e-05	5.33796e-05	5.73593e-05
228.8	5.41388e-05	5.33796e-05	5.73593e-05
229.35	5.43876e-05	5.36519e-05	5.76175e-05
229.9	5.43876e-05	5.36519e-05	5.76175e-05
230.45	5.46344e-05	5.39216e-05	5.78719e-05
231	5.46344e-05	5.39216e-05	5.78719e-05
231.55	5.48793e-05	5.41888e-05	5.81226e-05
232.1	5.51223e-05	5.44534e-05	5.83696e-05
232.65	5.51223e-05	5.44534e-05	5.83696e-05
233.2	5.53633e-05	5.47155e-05	5.86131e-05
233.75	5.53633e-05	5.47155e-05	5.86131e-05
234.3	5.56024e-05	5.49749e-05	5.8853e-05
234.85	5.56024e-05	5.49749e-05	5.8853e-05
235.4	5.58394e-05	5.52318e-05	5.90893e-05
235.95	5.58394e-05	5.52318e-05	5.90893e-05
236.5	5.60744e-05	5.5486e-05	5.93221e-05
237.05	5.63074e-05	5.57376e-05	5.95515e-05
237.6	5.63074e-05	5.57376e-05	5.95515e-05
238.15	5.65383e-05	5.59866e-05	5.97775e-05
238.7	5.65383e-05	5.59866e-05	5.97775e-05
239.25	5.67671e-05	5.62329e-05	6e-05
239.8	5.67671e-05	5.62329e-05	6e-05
240.35	5.69937e-05	5.64766e-05	6.02192e-05
240.9	5.69937e-05	5.64766e-05	6.02192e-05
241.45	5.72182e-05	5.67177e-05	6.04351e-05
242	5.72182e-05	5.67177e-05	6.04351e-05
242.55	5.74406e-05	5.6956e-05	6.06477e-05
243.1	5.76607e-05	5.71918e-05	6.08571e-05
243.65	5.76607e-05	5.71918e-05	6.08571e-05
244.2	5.78787e-05	5.74248e-05	6.10632e-05
244.75	5.78787e-05	5.74248e-05	6.10632e-05
245.3	5.80944e-05	5.76551e-05	6.12661e-05
245.85	5.80944e-05	5.76551e-05	6.12661e-05
246.4	5.83079e-05	5.78828e-05	6.14659e-05
246.95	5.83079e-05	5.78828e-05	6.14659e-05
247.5	5.85192e-05	5.81078e-05	6.16625e-05
248.05	5.87282e-05	5.83301e-05	6.18561e-05
248.6	5.87282e-05	5.83301e-05	6.18561e-05
249.15	5.89349e-05	5.85497e-05	6.20465e-05
249.7	5.89349e-05	5.85497e-05	6.20465e-05
250.25	5.91393e-05	5.87666e-05	6.2234e-05
250.8	5.91393e-05	5.87666e-05	6.2234e-05
251.35	5.93414e-05	5.89808e-05	6.24184e-05
251.9	5.93414e-05	5.89808e-05	6.24184e-05
252.45	5.95412e-05	5.91923e-05	6.25998e-05
253	5.95412e-05	5.91923e-05	6.25998e-05
253.55	5.97387e-05	5.94012e-05	6.27782e-05
254.1	5.99338e-05	5.96073e-05	6.29537e-05
254.65	5.99338e-05	5.96073e-05	6.29537e-05
255.2	6.01265e-05	5.98107e-05	6.31263e-05
255.75	6.01265e-05	5.98107e-05	6.31263e-05
256.3	6.03169e-05	6.00114e-05	6.3296e-05
256.85	6.03169e-05	6.00114e-05	6.3296e-05
257.4	6.0505e-05	6.02095e-05	6.34628e-05
257.95	6.0505e-05	6.02095e-05	6.34628e-05
258.5	6.06906e-05	6.04048e-05	6.36267e-05
259.05	6.08739e-05	6.05974e-05	6.37879e-05
259.6	6.08739e-05	6.05974e-05	6.37879e-05
260.15	6.10548e-05	6.07874e-05	6.39462e-05
260.7	6.10548e-05	6.07874e-05	6.39462e-05
261.25	6.12332e-05	6.09746e-05	6.41017e-05
261.8	6.12332e-05	6.09746e-05	6.41017e-05
262.35	6.14093e-05	6.11592e-05	6.42545e-05
262.9	6.14093e-05	6.11592e-05	6.42545e-05
263.45	6.15829e-05	6.13411e-05	6.44045e-05
264	6.15829e-05	6.13411e-05	6.44045e-05
264.55	6.17542e-05	6.15203e-05	6.45518e-05
265.1	6.1923e-05	6.16968e-05	6.46964e-05
265.65	6.1923e-05	6.16968e-05	6.46964e-05
266.2	6.20893e-05	6.18706e-05	6.48384e-05
266.75	6.20893e-05	6.18706e-05	6.48384e-05
267.3	6.22532e-05	6.20417e-05	6.49776e-05
267.85	6.22532e-05	6.20417e-05	6.49776e-05
268.4	6.24147e-05	6.22102e-05	6.51142e-05
268.95	6.24147e-05	6.22102e-05	6.51142e-05
269.5	6.25738e-05	6.2376e-05	6.52481e-05
270.05	6.27303e-05	6.25392e-05	6.53795e-05
270.6	6.27303e-05	6.25392e-05	6.53795e-05
271.15	6.28845e-05	6.26996e-05	6.55082e-05
271.7	6.28845e-05	6.26996e-05	6.55082e-05
272.25	6.30362e-05	6.28575e-05	6.56343e-05
272.8	6.30362e-05	6.28575e-05	6.56343e-05
273.35	6.31854e-05	6.30126e-05	6.57579e-05
273.9	6.31854e-05	6.30126e-05	6.57579e-05
274.45	6.33322e-05	6.31651e-05	6.58789e-05
275	6.33322e-05	6.31651e-05	6.58789e-05
275.55	6.34765e-05	6.3315e-05	6.59974e-05
276.1	6.36183e-05	6.34622e-05	6.61133e-05
276.65	6.36183e-05	6.34622e-05	6.61133e-05
277.2	6.37577e-05	6.36068e-05	6.62267e-05
277.75	6.37577e-05	6.36068e-05	6.62267e-05
278.3	6.38946e-05	6.37487e-05	6.63377e-05
278.85	6.38946e-05	6.37487e-05	6.63377e-05
279.4	6.40291e-05	6.38881e-05	6.64461e-05
279.95	6.40291e-05	6.38881e-05	6.64461e-05
280.5	6.4161e-05	6.40247e-05	6.6552e-05
281.05	6.42906e-05	6.41588e-05	6.66555e-05
281.6	6.42906e-05	6.41588e-05	6.66555e-05
282.15	6.44176e-05	6.42903e-05	6.67566e-05
282.7	6.44176e-05	6.42903e-05	6.67566e-05
283.25	6.45422e-05	6.44191e-05	6.68551e-05
283.8	6.45422e-05	6.44191e-05	6.68551e-05
284.35	6.46643e-05	6.45453e-05	6.69513e-05
284.9	6.46643e-05	6.45453e-05	6.69513e-05
285.45	6.47839e-05	6.4669e-05	6.7045e-05
286	6.47839e-05	6.4669e-05	6.7045e-05
286.55	6.49011e-05	6.479e-05	6.71364e-05
287.1	6.50158e-05	6.49084e-05	6.72253e-05
287.65	6.50158e-05	6.49084e-05	6.72253e-05
288.2	6.5128e-05	6.50243e-05	6.73118e-05
288.75	6.5128e-05	6.50243e-05	6.73118e-05
289.3	6.52378e-05	6.51375e-05	6.7396e-05
289.85	6.52378e-05	6.51375e-05	6.7396e-05
290.4	6.53451e-05	6.52482e-05	6.74777e-05
290.95	6.53451e-05	6.52482e-05	6.74777e-05
291.5	6.54499e-05	6.53563e-05	6.75572e-05
292.05	6.55523e-05	6.54618e-05	6.76342e-05
292.6	6.55523e-05	6.54618e-05	6.76342e-05
293.15	6.56522e-05	6.55648e-05	6.77089e-05
293.7	6.56522e-05	6.55648e-05	6.77089e-05
294.25	6.57496e-05	6.56652e-05	6.77813e-05
294.8	6.57496e-05	6.56652e-05	6.77813e-05
295.35	6.58446e-05	6.5763e-05	6.78514e-05
295.9	6.58446e-05	6.5763e-05	6.78514e-05
296.45	6.59371e-05	6.58583e-05	6.79191e-05
297	6.59371e-05	6.58583e-05	6.79191e-05
297.55	6.60272e-05	6.5951e-05	6.79845e-05
298.1	6.61148e-05	6.60412e-05	6.80476e-05
298.65	6.61148e-05	6.60412e-05	6.80476e-05
299.2	6.61999e-05	6.61288e-05	6.81084e-05
299.75	6.61999e-05	6.61288e-05	6.81084e-05
300.3	6.62826e-05	6.62139e-05	6.81668e-05
300.85	6.62826e-05	6.62139e-05	6.81668e-05
301.4	6.63629e-05	6.62965e-05	6.8223e-05
301.95	6.63629e-05	6.62965e-05	6.8223e-05
302.5	6.64406e-05	6.63765e-05	6.8277e-05
303.05	6.6516e-05	6.6454e-05	6.83286e-05
303.6	6.6516e-05	6.6454e-05	6.83286e-05
304.15	6.65889e-05	6.6529e-05	6.83779e-05
304.7	6.65889e-05	6.6529e-05	6.83779e-05
305.25	6.66593e-05	6.66015e-05	6.8425e-05
305.8	6.66593e-05	6.66015e-05	6.8425e-05
306.35	6.67273e-05	6.66715e-05	6.84698e-05
306.9	6.67273e-05	6.66715e-05	6.84698e-05
307.45	6.67928e-05	6.67389e-05	6.85124e-05
308	6.67928e-05	6.67389e-05	6.85124e-05
308.55	6.68559e-05	6.68039e-05	6.85527e-05
309.1	6.69166e-05	6.68663e-05	6.85907e-05
309.65	6.69166e-05	6.68663e-05	6.85907e-05
310.2	6.69748e-05	6.69262e-05	6.86265e-05
310.75	6.69748e-05	6.69262e-05	6.86265e-05
311.3	6.70306e-05	6.69837e-05	6.86601e-05
311.85	6.70306e-05	6.69837e-05	6.86601e-05
312.4	6.70839e-05	6.70386e-05	6.86914e-05
312.95	6.70839e-05	6.70386e-05	6.86914e-05
313.5	6.71348e-05	6.70911e-05	6.87205e-05
314.05	6.71833e-05	6.7141e-05	6.87473e-05
314.6	6.71833e-05	6.7141e-05	6.87473e-05
315.15	6.72293e-05	6.71885e-05	6.87719e-05
315.7	6.72293e-05	6.71885e-05	6.87719e-05
316.25	6.72729e-05	6.72335e-05	6.87942e-05
316.8	6.72729e-05	6.72335e-05	6.87942e-05
317.35	6.73141e-05	6.7276e-05	6.88144e-05
317.9	6.73141e-05	6.7276e-05	6.88144e-05
318.45	6.73528e-05	6.7316e-05	6.88323e-05
319	6.73528e-05	6.7316e-05	6.88323e-05
319.55	6.73891e-05	6.73536e-05	6.8848e-05
320.1	6.74229e-05	6.73887e-05	6.88614e-05
320.65	6.74229e-05	6.73887e-05	6.88614e-05
321.2	6.74544e-05	6.74213e-05	6.88727e-05
321.75	6.74544e-05	6.74213e-05	6.88727e-05
322.3	6.74834e-05	6.74515e-05	6.88817e-05
322.85	6.74834e-05	6.74515e-05	6.88817e-05
323.4	6.75099e-05	6.74791e-05	6.88885e-05
323.95	6.75099e-05	6.74791e-05	6.88885e-05
324.5	6.75341e-05	6.75043e-05	6.8893e-05
325.05	6.75558e-05	6.75271e-05	6.88954e-05
325.6	6.75558e-05	6.75271e-05	6.88954e-05
326.15	6.75751e-05	6.75474e-05	6.88955e-05
326.7	6.75751e-05	6.75474e-05	6.88955e-05
327.25	6.7592e-05	6.75652e-05	6.88935e-05
327.8	6.7592e-05	6.75652e-05	6.88935e-05
328.35	6.76064e-05	6.75806e-05	6.88892e-05
328.9	6.76064e-05	6.75806e-05	6.88892e-05
329.45	6.76184e-05	6.75935e-05	6.88826e-05
330	6.76184e-05	6.75935e-05	6.88826e-05
330.55	6.7628e-05	6.76039e-05	6.88739e-05
331.1	6.76352e-05	6.76119e-05	6.8863e-05
331.65	6.76352e-05	6.76119e-05	6.8863e-05
332.2	6.76399e-05	6.76175e-05	6.88498e-05
332.75	6.76399e-05	6.76175e-05	6.88498e-05
333.3	6.76422e-05	6.76206e-05	6.88344e-05
333.85	6.76422e-05	6.76206e-05	6.88344e-05
334.4	6.76421e-05	6.76212e-05	6.88168e-05
334.95	6.76421e-05	6.76212e-05	6.88168e-05
335.5	6.76395e-05	6.76194e-05	6.87969e-05
336.05	6.76345e-05	6.76151e-05	6.87749e-05
336.6	6.76345e-05	6.76151e-05	6.87749e-05
337.15	6.76271e-05	6.76084e-05	6.87506e-05
337.7	6.76271e-05	6.76084e-05	6.87506e-05
338.25	6.76173e-05	6.75992e-05	6.87241e-05
338.8	6.76173e-05	6.75992e-05	6.87241e-05
339.35	6.7605e-05	6.75875e-05	6.86953e-05
339.9	6.7605e-05	6.75875e-05	6.86953e-05
340.45	6.75903e-05	6.75734e-05	6.86644e-05
341	6.75903e-05	6.75734e-05	6.86644e-05
341.55	6.75731e-05	6.75569e-05	6.86312e-05
342.1	6.75536e-05	6.75379e-05	6.85957e-05
342.65	6.75536e-05	6.75379e-05	6.85957e-05
343.2	6.75315e-05	6.75164e-05	6.8558e-05
343.75	6.75315e-05	6.75164e-05	6.8558e-05
344.3	6.75071e-05	6.74925e-05	6.85181e-05
344.85	6.75071e-05	6.74925e-05	6.85181e-05
345.4	6.74802e-05	6.74661e-05	6.84759e-05
345.95	6.74802e-05	6.74661e-05	6.84759e-05
346.5	6.74509e-05	6.74373e-05	6.84315e-05
347.05	6.74191e-05	6.7406e-05	6.83849e-05
347.6	6.74191e-05	6.7406e-05	6.83849e-05
348.15	6.73849e-05	6.73722e-05	6.83359e-05
348.7	6.73849e-05	6.73722e-05	6.83359e-05
349.25	6.73482e-05	6.7336e-05	6.82848e-05
349.8	6.73482e-05	6.7336e-05	6.82848e-05
350.35	6.73091e-05	6.72973e-05	6.82313e-05
350.9	6.73091e-05	6.72973e-05	6.82313e-05
351.45	6.72675e-05	6.72562e-05	6.81756e-05
352	6.72675e-05	6.72562e-05	6.81756e-05
352.55	6.72234e-05	6.72125e-05	6.81177e-05
353.1	6.7177e-05	6.71664e-05	6.80574e-05
353.65	6.7177e-05	6.71664e-05	6.80574e-05
354.2	6.7128e-05	6.71179e-05	6.79949e-05
354.75	6.7128e-05	6.71179e-05	6.79949e-05
355.3	6.70766e-05	6.70668e-05	6.79301e-05
355.85	6.70766e-05	6.70668e-05	6.79301e-05
356.4	6.70227e-05	6.70133e-05	6.7863e-05
356.95	6.70227e-05	6.70133e-05	6.7863e-05
357.5	6.69664e-05	6.69573e-05	6.77937e-05
358.05	6.69075e-05	6.68988e-05	6.7722e-05
358.6	6.69075e-05	6.68988e-05	6.7722e-05
359.15	6.68462e-05	6.68378e-05	6.7648e-05
359.7	6.68462e-05	6.68378e-05	6.7648e-05
360.25	6.67825e-05	6.67743e-05	6.75717e-05
360.8	6.67825e-05	6.67743e-05	6.75717e-05
361.35	6.67162e-05	6.67084e-05	6.74931e-05
361.9	6.67162e-05	6.67084e-05	6.74931e-05
362.45	6.66474e-05	6.66399e-05	6.74122e-05
363	6.66474e-05	6.66399e-05	6.74122e-05
363.55	6.65762e-05	6.65689e-05	6.7329e-05
364.1	6.65025e-05	6.64954e-05	6.72434e-05
364.65	6.65025e-05	6.64954e-05	6.72434e-05
365.2	6.64262e-05	6.64194e-05	6.71556e-05
365.75	6.64262e-05	6.64194e-05	6.71556e-05
366.3	6.63475e-05	6.63409e-05	6.70653e-05
366.85	6.63475e-05	6.63409e-05	6.70653e-05
367.4	6.62662e-05	6.62599e-05	6.69727e-05
367.95	6.62662e-05	6.62599e-05	6.69727e-05
368.5	6.61824e-05	6.61764e-05	6.68778e-05
369.05	6.60962e-05	6.60903e-05	6.67805e-05
369.6	6.60962e-05	6.60903e-05	6.67805e-05
370.15	6.60073e-05	6.60017e-05	6.66809e-05
370.7	6.60073e-05	6.60017e-05	6.66809e-05
371.25	6.5916e-05	6.59106e-05	6.65788e-05
371.8	6.5916e-05	6.59106e-05	6.65788e-05
372.35	6.58221e-05	6.58169e-05	6.64744e-05
372.9	6.58221e-05	6.58169e-05	6.64744e-05
373.45	6.57257e-05	6.57207e-05	6.63676e-05
374	6.57257e-05	6.57207e-05	6.63676e-05
374.55	6.56267e-05	6.56219e-05	6.62584e-05
375.1	6.55252e-05	6.55205e-05	6.61468e-05
375.65	6.55252e-05	6.55205e-05	6.61468e-05
376.2	6.54211e-05	6.54166e-05	6.60328e-05
376.75	6.54211e-05	6.54166e-05	6.60328e-05
377.3	6.53145e-05	6.53102e-05	6.59164e-05
377.85	6.53145e-05	6.53102e-05	6.59164e-05
378.4	6.52053e-05	6.52011e-05	6.57976e-05
378.95	6.52053e-05	6.52011e-05	6.57976e-05
379.5	6.50935e-05	6.50895e-05	6.56763e-05
380.05	6.49791e-05	6.49753e-05	6.55526e-05
380.6	6.49791e-05	6.49753e-05	6.55526e-05
381.15	6.48622e-05	6.48585e-05	6.54264e-05
381.7	6.48622e-05	6.48585e-05	6.54264e-05
382.25	6.47426e-05	6.47391e-05	6.52978e-05
382.8	6.47426e-05	6.47391e-05	6.52978e-05
383.35	6.46205e-05	6.4617e-05	6.51667e-05
383.9	6.46205e-05	6.4617e-05	6.51667e-05
384.45	6.44957e-05	6.44924e-05	6.50331e-05
385	6.44957e-05	6.44924e-05	6.50331e-05
385.55	6.43683e-05	6.43652e-05	6.48971e-05
386.1	6.42383e-05	6.42353e-05	6.47585e-05
386.65	6.42383e-05	6.42353e-05	6.47585e-05
387.2	6.41057e-05	6.41028e-05	6.46175e-05
387.75	6.41057e-05	6.41028e-05	6.46175e-05
388.3	6.39704e-05	6.39676e-05	6.44739e-05
388.85	6.39704e-05	6.39676e-05	6.44739e-05
389.4	6.38325e-05	6.38298e-05	6.43278e-05
389.95	6.38325e-05	6.38298e-05	6.43278e-05
390.5	6.36919e-05	6.36893e-05	6.41792e-05
391.05	6.35487e-05	6.35462e-05	6.40281e-05
391.6	6.35487e-05	6.35462e-05	6.40281e-05
392.15	6.34028e-05	6.34004e-05	6.38744e-05
392.7	6.34028e-05	6.34004e-05	6.38744e-05
393.25	6.32542e-05	6.32519e-05	6.37182e-05
393.8	6.32542e-05	6.32519e-05	6.37182e-05
394.35	6.31029e-05	6.31007e-05	6.35594e-05
394.9	6.31029e-05	6.31007e-05	6.35594e-05
395.45	6.2949e-05	6.29468e-05	6.3398e-05
396	6.2949e-05	6.29468e-05	6.3398e-05
396.55	6.27923e-05	6.27902e-05	6.3234e-05
397.1	6.26329e-05	6.26309e-05	6.30674e-05
397.65	6.26329e-05	6.26309e-05	6.30674e-05
398.2	6.24708e-05	6.24689e-05	6.28982e-05
398.75	6.24708e-05	6.24689e-05	6.28982e-05
399.3	6.2306e-05	6.23041e-05	6.27264e-05
399.85	6.2306e-05	6.23041e-05	6.27264e-05
400.4	6.21384e-05	6.21366e-05	6.2552e-05
400.95	6.21384e-05	6.21366e-05	6.2552e-05
401.5	6.19681e-05	6.19664e-05	6.23749e-05
402.05	6.1795e-05	6.17934e-05	6.21952e-05
402.6	6.1795e-05	6.17934e-05	6.21952e-05
403.15	6.16192e-05	6.16176e-05	6.20128e-05
403.7	6.16192e-05	6.16176e-05	6.20128e-05
404.25	6.14405e-05	6.1439e-05	6.18278e-05
404.8	6.14405e-05	6.1439e-05	6.18278e-05
405.35	6.12591e-05	6.12577e-05	6.164e-05
405.9	6.12591e-05	6.12577e-05	6.164e-05
406.45	6.10749e-05	6.10735e-05	6.14496e-05
407	6.10749e-05	6.10735e-05	6.14496e-05
407.55	6.08879e-05	6.08865e-05	6.12564e-05
408.1	6.0698e-05	6.06967e-05	6.10605e-05
408.65	6.0698e-05	6.06967e-05	6.10605e-05
409.2	6.05054e-05	6.05041e-05	6.08619e-05
409.75	6.05054e-05	6.05041e-05	6.08619e-05
410.3	6.03098e-05	6.03087e-05	6.06606e-05
410.85	6.03098e-05	6.03087e-05	6.06606e-05
411.4	6.01115e-05	6.01103e-05	6.04565e-05
411.95	6.01115e-05	6.01103e-05	6.04565e-05
412.5	5.99103e-05	5.99092e-05	6.02496e-05
413.05	5.97062e-05	5.97051e-05	6.004e-05
413.6	5.97062e-05	5.97051e-05	6.004e-05
414.15	5.94992e-05	5.94982e-05	5.98275e-05
414.7	5.94992e-05	5.94982e-05	5.98275e-05
415.25	5.92893e-05	5.92884e-05	5.96123e-05
415.8	5.92893e-05	5.92884e-05	5.96123e-05
416.35	5.90765e-05	5.90756e-05	5.93942e-05
416.9	5.90765e-05	5.90756e-05	5.93942e-05
417.45	5.88608e-05	5.886e-05	5.91733e-05
418	5.88608e-05	5.886e-05	5.91733e-05
418.55	5.86422e-05	5.86414e-05	5.89496e-05
419.1	5.84207e-05	5.84198e-05	5.8723e-05
419.65	5.84207e-05	5.84198e-05	5.8723e-05
420.2	5.81961e-05	5.81954e-05	5.84936e-05
420.75	5.81961e-05	5.81954e-05	5.84936e-05
421.3	5.79687e-05	5.79679e-05	5.82612e-05
421.85	5.79687e-05	5.79679e-05	5.82612e-05
422.4	5.77382e-05	5.77375e-05	5.8026e-05
422.95	5.77382e-05	5.77375e-05	5.8026e-05
423.5	5.75048e-05	5.75041e-05	5.77878e-05
424.05	5.72683e-05	5.72677e-05	5.75468e-05
424.6	5.72683e-05	5.72677e-05	5.75468e-05
425.15	5.70289e-05	5.70282e-05	5.73028e-05
425.7	5.70289e-05	5.70282e-05	5.73028e-05
426.25	5.67864e-05	5.67858e-05	5.70558e-05
426.8	5.67864e-05	5.67858e-05	5.70558e-05
427.35	5.65409e-05	5.65403e-05	5.68059e-05
427.9	5.65409e-05	5.65403e-05	5.68059e-05
428.45	5.62923e-05	5.62917e-05	5.6553e-05
429	5.62923e-05	5.62917e-05	5.6553e-05
429.55	5.60407e-05	5.60401e-05	5.62971e-05
430.1	5.5786e-05	5.57854e-05	5.60382e-05
430.65	5.5786e-05	5.57854e-05	5.60382e-05
431.2	5.55281e-05	5.55277e-05	5.57763e-05
431.75	5.55281e-05	5.55277e-05	5.57763e-05
432.3	5.52672e-05	5.52668e-05	5.55114e-05
432.85	5.52672e-05	5.52668e-05	5.55114e-05
433.4	5.50032e-05	5.50028e-05	5.52434e-05
433.95	5.50032e-05	5.50028e-05	5.52434e-05
434.5	5.47361e-05	5.47356e-05	5.49723e-05
435.05	5.44658e-05	5.44654e-05	5.46982e-05
435.6	5.44658e-05	5.44654e-05	5.46982e-05
436.15	5.41923e-05	5.41919e-05	5.4421e-05
436.7	5.41923e-05	5.41919e-05	5.4421e-05
437.25	5.39157e-05	5.39153e-05	5.41407e-05
437.8	5.39157e-05	5.39153e-05	5.41407e-05
438.35	5.36359e-05	5.36355e-05	5.38572e-05
438.9	5.36359e-05	5.36355e-05	5.38572e-05
439.45	5.33529e-05	5.33525e-05	5.35706e-05
440	5.33529e-05	5.33525e-05	5.35706e-05
440.55	5.30666e-05	5.30663e-05	5.32809e-05
441.1	5.27772e-05	5.27769e-05	5.29879e-05
441.65	5.27772e-05	5.27769e-05	5.29879e-05
442.2	5.24845e-05	5.24842e-05	5.26918e-05
442.75	5.24845e-05	5.24842e-05	5.26918e-05
443.3	5.21885e-05	5.21882e-05	5.23925e-05
443.85	5.21885e-05	5.21882e-05	5.23925e-05
444.4	5.18893e-05	5.1889e-05	5.209e-05
444.95	5.18893e-05	5.1889e-05	5.209e-05
445.5	5.15868e-05	5.15865e-05	5.17843e-05
446.05	5.1281e-05	5.12807e-05	5.14753e-05
446.6	5.1281e-05	5.12807e-05	5.14753e-05
447.15	5.09718e-05	5.09716e-05	5.1163e-05
447.7	5.09718e-05	5.09716e-05	5.1163e-05
448.25	5.06594e-05	5.06591e-05	5.08475e-05
448.8	5.06594e-05	5.06591e-05	5.08475e-05
449.35	5.03436e-05	5.03433e-05	5.05287e-05
449.9	5.03436e-05	5.03433e-05	5.05287e-05
450.45	5.00244e-05	5.00242e-05	5.02065e-05
451	5.00244e-05	5.00242e-05	5.02065e-05
451.55	4.97018e-05	4.97016e-05	4.98811e-05
452.1	4.93759e-05	4.93757e-05	4.95523e-05
452.65	4.93759e-05	4.93757e-05	4.95523e-05
453.2	4.90465e-05	4.90464e-05	4.92201e-05
453.75	4.90465e-05	4.90464e-05	4.92201e-05
454.3	4.87138e-05	4.87136e-05	4.88846e-05
454.85	4.87138e-05	4.87136e-05	4.88846e-05
455.4	4.83775e-05	4.83774e-05	4.85456e-05
455.95	4.83775e-05	4.83774e-05	4.85456e-05
456.5	4.80379e-05	4.80377e-05	4.82033e-05
457.05	4.76947e-05	4.76946e-05	4.78575e-05
457.6	4.76947e-05	4.76946e-05	4.78575e-05
458.15	4.73481e-05	4.7348e-05	4.75083e-05
458.7	4.73481e-05	4.7348e-05	4.75083e-05
459.25	4.6998e-05	4.69978e-05	4.71556e-05
459.8	4.6998e-05	4.69978e-05	4.71556e-05
460.35	4.66443e-05	4.66442e-05	4.67995e-05
460.9	4.66443e-05	4.66442e-05	4.67995e-05
461.45	4.62871e-05	4.6287e-05	4.64398e-05
462	4.62871e-05	4.6287e-05	4.64398e-05
462.55	4.59264e-05	4.59263e-05	4.60766e-05
463.1	4.55621e-05	4.5562e-05	4.571e-05
463.65	4.55621e-05	4.5562e-05	4.571e-05
464.2	4.51942e-05	4.51941e-05	4.53397e-05
464.75	4.51942e-05	4.51941e-05	4.53397e-05
465.3	4.48227e-05	4.48226e-05	4.49659e-05
465.85	4.48227e-05	4.48226e-05	4.49659e-05
466.4	4.44475e-05	4.44475e-05	4.45885e-05
466.95	4.44475e-05	4.44475e-05	4.45885e-05
467.5	4.40688e-05	4.40687e-05	4.42075e-05
468.05	4.36864e-05	4.36863e-05	4.38229e-05
468.6	4.36864e-05	4.36863e-05	4.38229e-05
469.15	4.33003e-05	4.33002e-05	4.34347e-05
469.7	4.33003e-05	4.33002e-05	4.34347e-05
470.25	4.29105e-05	4.29104e-05	4.30428e-05
470.8	4.29105e-05	4.29104e-05	4.30428e-05
471.35	4.2517e-05	4.2517e-05	4.26472e-05
471.9	4.2517e-05	4.2517e-05	4.26472e-05
472.45	4.21198e-05	4.21198e-05	4.2248e-05
473	4.21198e-05	4.21198e-05	4.2248e-05
473.55	4.17189e-05	4.17188e-05	4.1845e-05
474.1	4.13142e-05	4.13142e-05	4.14383e-05
474.65	4.13142e-05	4.13142e-05	4.14383e-05
475.2	4.09057e-05	4.09057e-05	4.10279e-05
475.75	4.09057e-05	4.09057e-05	4.10279e-05
476.3	4.04935e-05	4.04934e-05	4.06137e-05
476.85	4.04935e-05	4.04934e-05	4.06137e-05
477.4	4.00774e-05	4.00774e-05	4.01957e-05
477.95	4.00774e-05	4.00774e-05	4.01957e-05
478.5	3.96575e-05	3.96575e-05	3.9774e-05
479.05	3.92338e-05	3.92337e-05	3.93484e-05
479.6	3.92338e-05	3.92337e-05	3.93484e-05
480.15	3.88062e-05	3.88061e-05	3.8919e-05
480.7	3.88062e-05	3.88061e-05	3.8919e-05
481.25	3.83747e-05	3.83747e-05	3.84857e-05
481.8	3.83747e-05	3.83747e-05	3.84857e-05
482.35	3.79393e-05	3.79393e-05	3.80485e-05
482.9	3.79393e-05	3.79393e-05	3.80485e-05
483.45	3.75e-05	3.75e-05	3.76075e-05
484	3.75e-05	3.75e-05	3.76075e-05
484.55	3.70568e-05	3.70567e-05	3.71625e-05
485.1	3.66096e-05	3.66096e-05	3.67136e-05
485.65	3.66096e-05	3.66096e-05	3.67136e-05
486.2	3.61584e-05	3.61584e-05	3.62607e-05
486.75	3.61584e-05	3.61584e-05	3.62607e-05
487.3	3.57033e-05	3.57032e-05	3.58039e-05
487.85	3.57033e-05	3.57032e-05	3.58039e-05
488.4	3.52441e-05	3.52441e-05	3.53431e-05
488.95	3.52441e-05	3.52441e-05	3.53431e-05
489.5	3.47809e-05	3.47809e-05	3.48783e-05
490.05	3.43137e-05	3.43137e-05	3.44095e-05
490.6	3.43137e-05	3.43137e-05	3.44095e-05
491.15	3.38424e-05	3.38424e-05	3.39366e-05
491.7	3.38424e-05	3.38424e-05	3.39366e-05
492.25	3.3367e-05	3.3367e-05	3.34596e-05
492.8	3.3367e-05	3.3367e-05	3.34596e-05
493.35	3.28875e-05	3.28875e-05	3.29786e-05
493.9	3.28875e-05	3.28875e-05	3.29786e-05
494.45	3.24039e-05	3.24039e-05	3.24934e-05
495	3.24039e-05	3.24039e-05	3.24934e-05
495.55	3.19162e-05	3.19162e-05	3.20041e-05
496.1	3.14243e-05	3.14243e-05	3.15107e-05
496.65	3.14243e-05	3.14243e-05	3.15107e-05
497.2	3.09282e-05	3.09282e-05	3.10131e-05
497.75	3.09282e-05	3.09282e-05	3.10131e-05
498.3	3.04279e-05	3.04279e-05	3.05113e-05
498.85	3.04279e-05	3.04279e-05	3.05113e-05
499.4	2.99234e-05	2.99234e-05	3.00054e-05
499.95	2.99234e-05	2.99234e-05	3.00054e-05
500.5	2.94147e-05	2.94147e-05	2.94952e-05
501.05	2.89017e-05	2.89017e-05	2.89807e-05
501.6	2.89017e-05	2.89017e-05	2.89807e-05
502.15	2.83845e-05	2.83845e-05	2.8462e-05
502.7	2.83845e-05	2.83845e-05	2.8462e-05
503.25	2.78629e-05	2.78629e-05	2.7939e-05
503.8	2.78629e-05	2.78629e-05	2.7939e-05
504.35	2.73371e-05	2.73371e-05	2.74117e-05
504.9	2.73371e-05	2.73371e-05	2.74117e-05
505.45	2.68069e-05	2.68069e-05	2.68801e-05
506	2.68069e-05	2.68069e-05	2.68801e-05
506.55	2.62724e-05	2.62724e-05	2.63441e-05
507.1	2.57335e-05	2.57335e-05	2.58037e-05
507.65	2.57335e-05	2.57335e-05	2.58037e-05
508.2	2.51902e-05	2.51902e-05	2.5259e-05
508.75	2.51902e-05	2.51902e-05	2.5259e-05
509.3	2.46425e-05	2.46425e-05	2.47099e-05
509.85	2.46425e-05	2.46425e-05	2.47099e-05
510.4	2.40904e-05	2.40904e-05	2.41563e-05
510.95	2.40904e-05	2.40904e-05	2.41563e-05
511.5	2.35338e-05	2.35338e-05	2.35983e-05
512.05	2.29728e-05	2.29728e-05	2.30358e-05
512.6	2.29728e-05	2.29728e-05	2.30358e-05
513.15	2.24072e-05	2.24072e-05	2.24688e-05
513.7	2.24072e-05	2.24072e-05	2.24688e-05
514.25	2.18372e-05	2.18372e-05	2.18974e-05
514.8	2.18372e-05	2.18372e-05	2.18974e-05
515.35	2.12626e-05	2.12626e-05	2.13213e-05
515.9	2.12626e-05	2.12626e-05	2.13213e-05
516.45	2.06835e-05	2.06835e-05	2.07408e-05
517	2.06835e-05	2.06835e-05	2.07408e-05
517.55	2.00999e-05	2.00999e-05	2.01556e-05
518.1	1.95116e-05	1.95116e-05	1.95659e-05
518.65	1.95116e-05	1.95116e-05	1.95659e-05
519.2	1.89188e-05	1.89188e-05	1.89716e-05
519.75	1.89188e-05	1.89188e-05	1.89716e-05
520.3	1.83213e-05	1.83213e-05	1.83726e-05
520.85	1.83213e-05	1.83213e-05	1.83726e-05
521.4	1.77192e-05	1.77192e-05	1.77689e-05
521.95	1.77192e-05	1.77192e-05	1.77689e-05
522.5	1.71124e-05	1.71124e-05	1.71606e-05
523.05	1.65009e-05	1.65009e-05	1.65476e-05
523.6	1.65009e-05	1.65009e-05	1.65476e-05
524.15	1.58847e-05	1.58847e-05	1.59299e-05
524.7	1.58847e-05	1.58847e-05	1.59299e-05
525.25	1.52638e-05	1.52638e-05	1.53074e-05
525.8	1.52638e-05	1.52638e-05	1.53074e-05
526.35	1.46382e-05	1.46382e-05	1.46801e-05
526.9	1.46382e-05	1.46382e-05	1.46801e-05
527.45	1.40078e-05	1.40078e-05	1.40481e-05
528	1.40078e-05	1.40078e-05	1.40481e-05
528.55	1.33726e-05	1.33726e-05	1.34113e-05
529.1	1.27326e-05	1.27326e-05	1.27696e-05
529.65	1.27326e-05	1.27326e-05	1.27696e-05
530.2	1.20878e-05	1.20878e-05	1.21231e-05
530.75	1.20878e-05	1.20878e-05	1.21231e-05
531.3	1.14381e-05	1.14381e-05	1.14718e-05
531.85	1.14381e-05	1.14381e-05	1.14718e-05
532.4	1.07836e-05	1.07836e-05	1.08155e-05
532.95	1.07836e-05	1.07836e-05	1.08155e-05
533.5	1.01242e-05	1.01242e-05	1.01543e-05
534.05	9.45993e-06	9.45992e-06	9.48822e-06
534.6	9.45993e-06	9.45992e-06	9.48822e-06
535.15	8.7907e-06	8.7907e-06	8.81715e-06
535.7	8.7907e-06	8.7907e-06	8.81715e-06
536.25	8.11653e-06	8.11653e-06	8.14111e-06
536.8	8.11653e-06	8.11653e-06	8.14111e-06
537.35	7.4374e-06	7.4374e-06	7.46008e-06
537.9	7.4374e-06	7.4374e-06	7.46008e-06
538.45	6.75329e-06	6.75329e-06	6.77402e-06
539	6.75329e-06	6.75329e-06	6.77402e-06
539.55	6.06418e-06	6.06418e-06	6.08292e-06
540.1	5.37004e-06	5.37004e-06	5.38676e-06
540.65	5.37004e-06	5.37004e-06	5.38676e-06
541.2	4.67087e-06	4.67086e-06	4.68552e-06
541.75	4.67087e-06	4.67086e-06	4.68552e-06
542.3	3.96663e-06	3.96662e-06	3.97916e-06
542.85	3.96663e-06	3.96662e-06	3.97916e-06
543.4	3.25731e-06	3.25731e-06	3.26768e-06
543.95	3.25731e-06	3.25731e-06	3.26768e-06
544.5	2.54289e-06	2.54288e-06	2.55105e-06
545.05	1.82334e-06	1.82334e-06	1.82925e-06
545.6	1.82334e-06	1.82334e-06	1.82925e-06
546.15	1.09866e-06	1.09866e-06	1.10226e-06
546.7	1.09866e-06	1.09866e-06	1.10226e-06
547.25	3.68818e-07	3.68817e-07	3.70043e-07
547.8	3.68818e-07	3.68817e-07	3.70043e-07
548.35	0	0	0
548.9	0	0	0
549.45	0	0	0
550	0	0	0
