"arc_length"	"U_Magnitude","U_X"
0	0	0
0.55	0	0
1.1	0	0
1.65	0	0
2.2	1.41212e-07	-1.41212e-07
2.75	1.41212e-07	-1.41212e-07
3.3	4.09019e-07	-4.09013e-07
3.85	4.09019e-07	-4.09013e-07
4.4	6.67328e-07	-6.673e-07
4.95	6.67328e-07	-6.673e-07
5.5	9.16606e-07	-9.16528e-07
6.05	1.15729e-06	-1.15712e-06
6.6	1.15729e-06	-1.15712e-06
7.15	1.38977e-06	-1.38947e-06
7.7	1.38977e-06	-1.38947e-06
8.25	1.61446e-06	-1.61396e-06
8.8	1.61446e-06	-1.61396e-06
9.35	1.8317e-06	-1.83094e-06
9.9	1.8317e-06	-1.83094e-06
10.45	2.04187e-06	-2.04076e-06
11	2.04187e-06	-2.04076e-06
11.55	2.24527e-06	-2.24374e-06
12.1	2.44223e-06	-2.44017e-06
12.65	2.44223e-06	-2.44017e-06
13.2	2.63304e-06	-2.63035e-06
13.75	2.63304e-06	-2.63035e-06
14.3	2.81799e-06	-2.81454e-06
14.85	2.81799e-06	-2.81454e-06
15.4	2.99734e-06	-2.99299e-06
15.95	2.99734e-06	-2.99299e-06
16.5	3.17133e-06	-3.16595e-06
17.05	3.3402e-06	-3.33363e-06
17.6	3.3402e-06	-3.33363e-06
18.15	3.50419e-06	-3.49625e-06
18.7	3.50419e-06	-3.49625e-06
19.25	3.66348e-06	-3.65399e-06
19.8	3.66348e-06	-3.65399e-06
20.35	3.81828e-06	-3.80703e-06
20.9	3.81828e-06	-3.80703e-06
21.45	3.96877e-06	-3.95555e-06
22	3.96877e-06	-3.95555e-06
22.55	4.11513e-06	-4.09969e-06
23.1	4.25751e-06	-4.23959e-06
23.65	4.25751e-06	-4.23959e-06
24.2	4.39607e-06	-4.37538e-06
24.75	4.39607e-06	-4.37538e-06
25.3	4.53093e-06	-4.50718e-06
25.85	4.53093e-06	-4.50718e-06
26.4	4.66224e-06	-4.63508e-06
26.95	4.66224e-06	-4.63508e-06
27.5	4.7901e-06	-4.75917e-06
28.05	4.91463e-06	-4.87954e-06
28.6	4.91463e-06	-4.87954e-06
29.15	5.03592e-06	-4.99625e-06
29.7	5.03592e-06	-4.99625e-06
30.25	5.15407e-06	-5.10935e-06
30.8	5.15407e-06	-5.10935e-06
31.35	5.26916e-06	-5.2189e-06
31.9	5.26916e-06	-5.2189e-06
32.45	5.38127e-06	-5.32491e-06
33	5.38127e-06	-5.32491e-06
33.55	5.49045e-06	-5.42742e-06
34.1	5.59677e-06	-5.52643e-06
34.65	5.59677e-06	-5.52643e-06
35.2	5.70028e-06	-5.62194e-06
35.75	5.70028e-06	-5.62194e-06
36.3	5.80102e-06	-5.71394e-06
36.85	5.80102e-06	-5.71394e-06
37.4	5.89903e-06	-5.8024e-06
37.95	5.89903e-06	-5.8024e-06
38.5	5.99434e-06	-5.88729e-06
39.05	6.08697e-06	-5.96857e-06
39.6	6.08697e-06	-5.96857e-06
40.15	6.17695e-06	-6.04617e-06
40.7	6.17695e-06	-6.04617e-06
41.25	6.26428e-06	-6.12003e-06
41.8	6.26428e-06	-6.12003e-06
42.35	6.34897e-06	-6.19007e-06
42.9	6.34897e-06	-6.19007e-06
43.45	6.43102e-06	-6.25619e-06
44	6.43102e-06	-6.25619e-06
44.55	6.51045e-06	-6.3183e-06
45.1	6.58721e-06	-6.37628e-06
45.65	6.58721e-06	-6.37628e-06
46.2	6.66132e-06	-6.43001e-06
46.75	6.66132e-06	-6.43001e-06
47.3	6.73275e-06	-6.47933e-06
47.85	6.73275e-06	-6.47933e-06
48.4	6.8015e-06	-6.52412e-06
48.95	6.8015e-06	-6.52412e-06
49.5	6.86752e-06	-6.56419e-06
50.05	6.93081e-06	-6.59939e-06
50.6	6.93081e-06	-6.59939e-06
51.15	6.99132e-06	-6.62952e-06
51.7	6.99132e-06	-6.62952e-06
52.25	7.04905e-06	-6.65439e-06
52.8	7.04905e-06	-6.65439e-06
53.35	7.10393e-06	-6.67378e-06
53.9	7.10393e-06	-6.67378e-06
54.45	7.15598e-06	-6.68747e-06
55	7.15598e-06	-6.68747e-06
55.55	7.20511e-06	-6.69522e-06
56.1	7.25135e-06	-6.69679e-06
56.65	7.25135e-06	-6.69679e-06
57.2	7.29461e-06	-6.69191e-06
57.75	7.29461e-06	-6.69191e-06
58.3	7.33492e-06	-6.6803e-06
58.85	7.33492e-06	-6.6803e-06
59.4	7.37219e-06	-6.66169e-06
59.95	7.37219e-06	-6.66169e-06
60.5	7.40647e-06	-6.63576e-06
61.05	7.43768e-06	-6.60221e-06
61.6	7.43768e-06	-6.60221e-06
62.15	7.46585e-06	-6.56071e-06
62.7	7.46585e-06	-6.56071e-06
63.25	7.49094e-06	-6.51091e-06
63.8	7.49094e-06	-6.51091e-06
64.35	7.513e-06	-6.45247e-06
64.9	7.513e-06	-6.45247e-06
65.45	7.53197e-06	-6.38501e-06
66	7.53197e-06	-6.38501e-06
66.55	7.54797e-06	-6.30817e-06
67.1	7.56095e-06	-6.22154e-06
67.65	7.56095e-06	-6.22154e-06
68.2	7.57104e-06	-6.12473e-06
68.75	7.57104e-06	-6.12473e-06
69.3	7.57824e-06	-6.01732e-06
69.85	7.57824e-06	-6.01732e-06
70.4	7.58273e-06	-5.89887e-06
70.95	7.58273e-06	-5.89887e-06
71.5	7.58454e-06	-5.76896e-06
72.05	7.58392e-06	-5.62714e-06
72.6	7.58392e-06	-5.62714e-06
73.15	7.58095e-06	-5.47293e-06
73.7	7.58095e-06	-5.47293e-06
74.25	7.57598e-06	-5.30588e-06
74.8	7.57598e-06	-5.30588e-06
75.35	7.56914e-06	-5.12549e-06
75.9	7.56914e-06	-5.12549e-06
76.45	7.5609e-06	-4.93129e-06
77	7.5609e-06	-4.93129e-06
77.55	7.5515e-06	-4.72277e-06
78.1	7.54154e-06	-4.49942e-06
78.65	7.54154e-06	-4.49942e-06
79.2	7.5314e-06	-4.26075e-06
79.75	7.5314e-06	-4.26075e-06
80.3	7.52183e-06	-4.00622e-06
80.85	7.52183e-06	-4.00622e-06
81.4	7.51342e-06	-3.73532e-06
81.95	7.51342e-06	-3.73532e-06
82.5	7.50713e-06	-3.44752e-06
83.05	7.50374e-06	-3.14229e-06
83.6	7.50374e-06	-3.14229e-06
84.15	7.50449e-06	-2.81911e-06
84.7	7.50449e-06	-2.81911e-06
85.25	7.51043e-06	-2.47744e-06
85.8	7.51043e-06	-2.47744e-06
86.35	7.5231e-06	-2.11676e-06
86.9	7.5231e-06	-2.11676e-06
87.45	7.54383e-06	-1.73654e-06
88	7.54383e-06	-1.73654e-06
88.55	7.57448e-06	-1.33627e-06
89.1	7.61671e-06	-9.15427e-07
89.65	7.61671e-06	-9.15427e-07
90.2	7.67268e-06	-4.73511e-07
90.75	7.67268e-06	-4.73511e-07
91.3	7.74431e-06	-1.00239e-08
91.85	7.74431e-06	-1.00239e-08
92.4	7.83405e-06	4.75518e-07
92.95	7.83405e-06	4.75518e-07
93.5	7.94398e-06	9.83585e-07
94.05	8.0767e-06	1.51463e-06
94.6	8.0767e-06	1.51463e-06
95.15	8.23435e-06	2.0691e-06
95.7	8.23435e-06	2.0691e-06
96.25	8.41949e-06	2.64741e-06
96.8	8.41949e-06	2.64741e-06
97.35	8.63415e-06	3.24995e-06
97.9	8.63415e-06	3.24995e-06
98.45	8.88069e-06	3.87711e-06
99	8.88069e-06	3.87711e-06
99.55	9.16088e-06	4.52923e-06
100.1	9.4767e-06	5.20663e-06
100.65	9.4767e-06	5.20663e-06
101.2	9.82956e-06	5.90962e-06
101.75	9.82956e-06	5.90962e-06
102.3	1.0221e-05	6.63846e-06
102.85	1.0221e-05	6.63846e-06
103.4	1.0652e-05	7.39337e-06
103.95	1.0652e-05	7.39337e-06
104.5	1.11237e-05	8.17456e-06
105.05	1.16367e-05	8.9822e-06
105.6	1.16367e-05	8.9822e-06
106.15	1.21917e-05	9.81641e-06
106.7	1.21917e-05	9.81641e-06
107.25	1.2789e-05	1.06773e-05
107.8	1.2789e-05	1.06773e-05
108.35	1.3429e-05	1.15649e-05
108.9	1.3429e-05	1.15649e-05
109.45	1.41116e-05	1.24792e-05
110	1.41116e-05	1.24792e-05
110.55	1.4837e-05	1.34202e-05
111.1	1.5605e-05	1.43878e-05
111.65	1.5605e-05	1.43878e-05
112.2	1.64156e-05	1.53819e-05
112.75	1.64156e-05	1.53819e-05
113.3	1.72683e-05	1.64023e-05
113.85	1.72683e-05	1.64023e-05
114.4	1.81628e-05	1.74488e-05
114.95	1.81628e-05	1.74488e-05
115.5	1.90981e-05	1.85206e-05
116.05	2.00728e-05	1.96164e-05
116.6	2.00728e-05	1.96164e-05
117.15	2.10827e-05	2.07323e-05
117.7	2.10827e-05	2.07323e-05
118.25	2.21158e-05	2.18565e-05
118.8	2.21158e-05	2.18565e-05
119.35	2.31345e-05	2.29515e-05
119.9	2.31345e-05	2.29515e-05
120.45	2.40326e-05	2.39111e-05
121	2.40326e-05	2.39111e-05
121.55	2.46328e-05	2.45586e-05
122.1	2.48991e-05	2.48598e-05
122.65	2.48991e-05	2.48598e-05
123.2	2.49978e-05	2.4982e-05
123.75	2.49978e-05	2.4982e-05
124.3	2.50535e-05	2.50506e-05
124.85	2.50535e-05	2.50506e-05
125.4	2.51076e-05	2.51073e-05
125.95	2.51076e-05	2.51073e-05
126.5	2.51573e-05	2.51493e-05
127.05	2.5221e-05	2.51954e-05
127.6	2.5221e-05	2.51954e-05
128.15	2.52997e-05	2.52467e-05
128.7	2.52997e-05	2.52467e-05
129.25	2.53953e-05	2.53053e-05
129.8	2.53953e-05	2.53053e-05
130.35	2.55089e-05	2.53729e-05
130.9	2.55089e-05	2.53729e-05
131.45	2.56406e-05	2.545e-05
132	2.56406e-05	2.545e-05
132.55	2.57899e-05	2.55368e-05
133.1	2.59563e-05	2.56333e-05
133.65	2.59563e-05	2.56333e-05
134.2	2.61389e-05	2.57394e-05
134.75	2.61389e-05	2.57394e-05
135.3	2.63369e-05	2.58549e-05
135.85	2.63369e-05	2.58549e-05
136.4	2.65494e-05	2.59797e-05
136.95	2.65494e-05	2.59797e-05
137.5	2.67756e-05	2.61138e-05
138.05	2.70143e-05	2.62569e-05
138.6	2.70143e-05	2.62569e-05
139.15	2.72647e-05	2.6409e-05
139.7	2.72647e-05	2.6409e-05
140.25	2.75259e-05	2.65698e-05
140.8	2.75259e-05	2.65698e-05
141.35	2.7797e-05	2.67392e-05
141.9	2.7797e-05	2.67392e-05
142.45	2.80769e-05	2.6917e-05
143	2.80769e-05	2.6917e-05
143.55	2.83649e-05	2.7103e-05
144.1	2.866e-05	2.72971e-05
144.65	2.866e-05	2.72971e-05
145.2	2.89615e-05	2.7499e-05
145.75	2.89615e-05	2.7499e-05
146.3	2.92686e-05	2.77086e-05
146.85	2.92686e-05	2.77086e-05
147.4	2.95806e-05	2.79257e-05
147.95	2.95806e-05	2.79257e-05
148.5	2.98967e-05	2.81499e-05
149.05	3.02164e-05	2.83812e-05
149.6	3.02164e-05	2.83812e-05
150.15	3.05391e-05	2.86193e-05
150.7	3.05391e-05	2.86193e-05
151.25	3.08642e-05	2.88641e-05
151.8	3.08642e-05	2.88641e-05
152.35	3.11912e-05	2.91152e-05
152.9	3.11912e-05	2.91152e-05
153.45	3.15197e-05	2.93725e-05
154	3.15197e-05	2.93725e-05
154.55	3.18493e-05	2.96357e-05
155.1	3.21797e-05	2.99046e-05
155.65	3.21797e-05	2.99046e-05
156.2	3.25104e-05	3.0179e-05
156.75	3.25104e-05	3.0179e-05
157.3	3.28413e-05	3.04587e-05
157.85	3.28413e-05	3.04587e-05
158.4	3.31721e-05	3.07435e-05
158.95	3.31721e-05	3.07435e-05
159.5	3.35026e-05	3.10331e-05
160.05	3.38326e-05	3.13273e-05
160.6	3.38326e-05	3.13273e-05
161.15	3.41619e-05	3.16259e-05
161.7	3.41619e-05	3.16259e-05
162.25	3.44905e-05	3.19286e-05
162.8	3.44905e-05	3.19286e-05
163.35	3.48183e-05	3.22353e-05
163.9	3.48183e-05	3.22353e-05
164.45	3.51451e-05	3.25458e-05
165	3.51451e-05	3.25458e-05
165.55	3.54709e-05	3.28598e-05
166.1	3.57956e-05	3.31771e-05
166.65	3.57956e-05	3.31771e-05
167.2	3.61194e-05	3.34976e-05
167.75	3.61194e-05	3.34976e-05
168.3	3.64419e-05	3.38209e-05
168.85	3.64419e-05	3.38209e-05
169.4	3.67635e-05	3.4147e-05
169.95	3.67635e-05	3.4147e-05
170.5	3.70839e-05	3.44757e-05
171.05	3.74033e-05	3.48066e-05
171.6	3.74033e-05	3.48066e-05
172.15	3.77216e-05	3.51397e-05
172.7	3.77216e-05	3.51397e-05
173.25	3.80389e-05	3.54748e-05
173.8	3.80389e-05	3.54748e-05
174.35	3.83551e-05	3.58117e-05
174.9	3.83551e-05	3.58117e-05
175.45	3.86704e-05	3.61502e-05
176	3.86704e-05	3.61502e-05
176.55	3.89847e-05	3.64902e-05
177.1	3.92981e-05	3.68314e-05
177.65	3.92981e-05	3.68314e-05
178.2	3.96105e-05	3.71738e-05
178.75	3.96105e-05	3.71738e-05
179.3	3.99221e-05	3.75171e-05
179.85	3.99221e-05	3.75171e-05
180.4	4.02328e-05	3.78612e-05
180.95	4.02328e-05	3.78612e-05
181.5	4.05427e-05	3.8206e-05
182.05	4.08518e-05	3.85513e-05
182.6	4.08518e-05	3.85513e-05
183.15	4.11601e-05	3.8897e-05
183.7	4.11601e-05	3.8897e-05
184.25	4.14676e-05	3.9243e-05
184.8	4.14676e-05	3.9243e-05
185.35	4.17744e-05	3.9589e-05
185.9	4.17744e-05	3.9589e-05
186.45	4.20804e-05	3.99351e-05
187	4.20804e-05	3.99351e-05
187.55	4.23857e-05	4.0281e-05
188.1	4.26901e-05	4.06266e-05
188.65	4.26901e-05	4.06266e-05
189.2	4.29939e-05	4.09719e-05
189.75	4.29939e-05	4.09719e-05
190.3	4.32969e-05	4.13167e-05
190.85	4.32969e-05	4.13167e-05
191.4	4.35992e-05	4.1661e-05
191.95	4.35992e-05	4.1661e-05
192.5	4.39006e-05	4.20045e-05
193.05	4.42013e-05	4.23473e-05
193.6	4.42013e-05	4.23473e-05
194.15	4.45012e-05	4.26891e-05
194.7	4.45012e-05	4.26891e-05
195.25	4.48003e-05	4.303e-05
195.8	4.48003e-05	4.303e-05
196.35	4.50985e-05	4.33699e-05
196.9	4.50985e-05	4.33699e-05
197.45	4.53959e-05	4.37086e-05
198	4.53959e-05	4.37086e-05
198.55	4.56924e-05	4.4046e-05
199.1	4.5988e-05	4.43822e-05
199.65	4.5988e-05	4.43822e-05
200.2	4.62827e-05	4.4717e-05
200.75	4.62827e-05	4.4717e-05
201.3	4.65763e-05	4.50503e-05
201.85	4.65763e-05	4.50503e-05
202.4	4.6869e-05	4.53821e-05
202.95	4.6869e-05	4.53821e-05
203.5	4.71606e-05	4.57123e-05
204.05	4.74512e-05	4.60409e-05
204.6	4.74512e-05	4.60409e-05
205.15	4.77406e-05	4.63678e-05
205.7	4.77406e-05	4.63678e-05
206.25	4.80289e-05	4.66928e-05
206.8	4.80289e-05	4.66928e-05
207.35	4.83161e-05	4.70161e-05
207.9	4.83161e-05	4.70161e-05
208.45	4.8602e-05	4.73375e-05
209	4.8602e-05	4.73375e-05
209.55	4.88867e-05	4.76569e-05
210.1	4.917e-05	4.79744e-05
210.65	4.917e-05	4.79744e-05
211.2	4.94521e-05	4.82899e-05
211.75	4.94521e-05	4.82899e-05
212.3	4.97327e-05	4.86033e-05
212.85	4.97327e-05	4.86033e-05
213.4	5.0012e-05	4.89145e-05
213.95	5.0012e-05	4.89145e-05
214.5	5.02898e-05	4.92237e-05
215.05	5.05662e-05	4.95306e-05
215.6	5.05662e-05	4.95306e-05
216.15	5.0841e-05	4.98353e-05
216.7	5.0841e-05	4.98353e-05
217.25	5.11143e-05	5.01378e-05
217.8	5.11143e-05	5.01378e-05
218.35	5.1386e-05	5.0438e-05
218.9	5.1386e-05	5.0438e-05
219.45	5.16561e-05	5.07359e-05
220	5.16561e-05	5.07359e-05
220.55	5.19244e-05	5.10314e-05
221.1	5.21912e-05	5.13245e-05
221.65	5.21912e-05	5.13245e-05
222.2	5.24561e-05	5.16152e-05
222.75	5.24561e-05	5.16152e-05
223.3	5.27194e-05	5.19036e-05
223.85	5.27194e-05	5.19036e-05
224.4	5.29808e-05	5.21894e-05
224.95	5.29808e-05	5.21894e-05
225.5	5.32404e-05	5.24728e-05
226.05	5.34981e-05	5.27537e-05
226.6	5.34981e-05	5.27537e-05
227.15	5.3754e-05	5.30321e-05
227.7	5.3754e-05	5.30321e-05
228.25	5.40079e-05	5.3308e-05
228.8	5.40079e-05	5.3308e-05
229.35	5.42599e-05	5.35813e-05
229.9	5.42599e-05	5.35813e-05
230.45	5.45099e-05	5.38521e-05
231	5.45099e-05	5.38521e-05
231.55	5.4758e-05	5.41202e-05
232.1	5.5004e-05	5.43858e-05
232.65	5.5004e-05	5.43858e-05
233.2	5.52479e-05	5.46488e-05
233.75	5.52479e-05	5.46488e-05
234.3	5.54898e-05	5.49092e-05
234.85	5.54898e-05	5.49092e-05
235.4	5.57296e-05	5.51669e-05
235.95	5.57296e-05	5.51669e-05
236.5	5.59673e-05	5.54221e-05
237.05	5.62028e-05	5.56745e-05
237.6	5.62028e-05	5.56745e-05
238.15	5.64362e-05	5.59243e-05
238.7	5.64362e-05	5.59243e-05
239.25	5.66674e-05	5.61715e-05
239.8	5.66674e-05	5.61715e-05
240.35	5.68964e-05	5.6416e-05
240.9	5.68964e-05	5.6416e-05
241.45	5.71232e-05	5.66578e-05
242	5.71232e-05	5.66578e-05
242.55	5.73477e-05	5.68969e-05
243.1	5.757e-05	5.71333e-05
243.65	5.757e-05	5.71333e-05
244.2	5.779e-05	5.73671e-05
244.75	5.779e-05	5.73671e-05
245.3	5.80078e-05	5.75981e-05
245.85	5.80078e-05	5.75981e-05
246.4	5.82232e-05	5.78265e-05
246.95	5.82232e-05	5.78265e-05
247.5	5.84364e-05	5.80521e-05
248.05	5.86472e-05	5.82751e-05
248.6	5.86472e-05	5.82751e-05
249.15	5.88556e-05	5.84953e-05
249.7	5.88556e-05	5.84953e-05
250.25	5.90618e-05	5.87129e-05
250.8	5.90618e-05	5.87129e-05
251.35	5.92655e-05	5.89277e-05
251.9	5.92655e-05	5.89277e-05
252.45	5.94669e-05	5.91398e-05
253	5.94669e-05	5.91398e-05
253.55	5.9666e-05	5.93492e-05
254.1	5.98626e-05	5.95559e-05
254.65	5.98626e-05	5.95559e-05
255.2	6.00568e-05	5.97599e-05
255.75	6.00568e-05	5.97599e-05
256.3	6.02486e-05	5.99612e-05
256.85	6.02486e-05	5.99612e-05
257.4	6.04381e-05	6.01597e-05
257.95	6.04381e-05	6.01597e-05
258.5	6.0625e-05	6.03556e-05
259.05	6.08096e-05	6.05487e-05
259.6	6.08096e-05	6.05487e-05
260.15	6.09917e-05	6.07392e-05
260.7	6.09917e-05	6.07392e-05
261.25	6.11714e-05	6.09269e-05
261.8	6.11714e-05	6.09269e-05
262.35	6.13486e-05	6.1112e-05
262.9	6.13486e-05	6.1112e-05
263.45	6.15234e-05	6.12944e-05
264	6.15234e-05	6.12944e-05
264.55	6.16958e-05	6.1474e-05
265.1	6.18656e-05	6.1651e-05
265.65	6.18656e-05	6.1651e-05
266.2	6.2033e-05	6.18253e-05
266.75	6.2033e-05	6.18253e-05
267.3	6.2198e-05	6.19969e-05
267.85	6.2198e-05	6.19969e-05
268.4	6.23605e-05	6.21658e-05
268.95	6.23605e-05	6.21658e-05
269.5	6.25205e-05	6.2332e-05
270.05	6.2678e-05	6.24956e-05
270.6	6.2678e-05	6.24956e-05
271.15	6.2833e-05	6.26565e-05
271.7	6.2833e-05	6.26565e-05
272.25	6.29856e-05	6.28147e-05
272.8	6.29856e-05	6.28147e-05
273.35	6.31357e-05	6.29703e-05
273.9	6.31357e-05	6.29703e-05
274.45	6.32833e-05	6.31232e-05
275	6.32833e-05	6.31232e-05
275.55	6.34284e-05	6.32735e-05
276.1	6.3571e-05	6.34211e-05
276.65	6.3571e-05	6.34211e-05
277.2	6.37111e-05	6.35661e-05
277.75	6.37111e-05	6.35661e-05
278.3	6.38488e-05	6.37084e-05
278.85	6.38488e-05	6.37084e-05
279.4	6.3984e-05	6.38481e-05
279.95	6.3984e-05	6.38481e-05
280.5	6.41166e-05	6.39851e-05
281.05	6.42468e-05	6.41196e-05
281.6	6.42468e-05	6.41196e-05
282.15	6.43746e-05	6.42514e-05
282.7	6.43746e-05	6.42514e-05
283.25	6.44998e-05	6.43806e-05
283.8	6.44998e-05	6.43806e-05
284.35	6.46225e-05	6.45072e-05
284.9	6.46225e-05	6.45072e-05
285.45	6.47428e-05	6.46311e-05
286	6.47428e-05	6.46311e-05
286.55	6.48605e-05	6.47525e-05
287.1	6.49758e-05	6.48713e-05
287.65	6.49758e-05	6.48713e-05
288.2	6.50886e-05	6.49875e-05
288.75	6.50886e-05	6.49875e-05
289.3	6.51989e-05	6.5101e-05
289.85	6.51989e-05	6.5101e-05
290.4	6.53068e-05	6.52121e-05
290.95	6.53068e-05	6.52121e-05
291.5	6.54122e-05	6.53205e-05
292.05	6.5515e-05	6.54263e-05
292.6	6.5515e-05	6.54263e-05
293.15	6.56154e-05	6.55296e-05
293.7	6.56154e-05	6.55296e-05
294.25	6.57134e-05	6.56303e-05
294.8	6.57134e-05	6.56303e-05
295.35	6.58088e-05	6.57285e-05
295.9	6.58088e-05	6.57285e-05
296.45	6.59018e-05	6.5824e-05
297	6.59018e-05	6.5824e-05
297.55	6.59924e-05	6.59171e-05
298.1	6.60804e-05	6.60076e-05
298.65	6.60804e-05	6.60076e-05
299.2	6.6166e-05	6.60955e-05
299.75	6.6166e-05	6.60955e-05
300.3	6.62491e-05	6.61809e-05
300.85	6.62491e-05	6.61809e-05
301.4	6.63298e-05	6.62638e-05
301.95	6.63298e-05	6.62638e-05
302.5	6.6408e-05	6.63441e-05
303.05	6.64837e-05	6.64219e-05
303.6	6.64837e-05	6.64219e-05
304.15	6.6557e-05	6.64972e-05
304.7	6.6557e-05	6.64972e-05
305.25	6.66278e-05	6.657e-05
305.8	6.66278e-05	6.657e-05
306.35	6.66962e-05	6.66402e-05
306.9	6.66962e-05	6.66402e-05
307.45	6.67621e-05	6.67079e-05
308	6.67621e-05	6.67079e-05
308.55	6.68256e-05	6.67732e-05
309.1	6.68866e-05	6.68359e-05
309.65	6.68866e-05	6.68359e-05
310.2	6.69452e-05	6.68961e-05
310.75	6.69452e-05	6.68961e-05
311.3	6.70013e-05	6.69538e-05
311.85	6.70013e-05	6.69538e-05
312.4	6.70549e-05	6.7009e-05
312.95	6.70549e-05	6.7009e-05
313.5	6.71062e-05	6.70617e-05
314.05	6.7155e-05	6.7112e-05
314.6	6.7155e-05	6.7112e-05
315.15	6.72013e-05	6.71597e-05
315.7	6.72013e-05	6.71597e-05
316.25	6.72452e-05	6.7205e-05
316.8	6.72452e-05	6.7205e-05
317.35	6.72867e-05	6.72477e-05
317.9	6.72867e-05	6.72477e-05
318.45	6.73257e-05	6.7288e-05
319	6.73257e-05	6.7288e-05
319.55	6.73623e-05	6.73258e-05
320.1	6.73965e-05	6.73612e-05
320.65	6.73965e-05	6.73612e-05
321.2	6.74282e-05	6.73941e-05
321.75	6.74282e-05	6.73941e-05
322.3	6.74575e-05	6.74245e-05
322.85	6.74575e-05	6.74245e-05
323.4	6.74843e-05	6.74524e-05
323.95	6.74843e-05	6.74524e-05
324.5	6.75088e-05	6.74779e-05
325.05	6.75308e-05	6.75008e-05
325.6	6.75308e-05	6.75008e-05
326.15	6.75503e-05	6.75214e-05
326.7	6.75503e-05	6.75214e-05
327.25	6.75675e-05	6.75395e-05
327.8	6.75675e-05	6.75395e-05
328.35	6.75822e-05	6.75551e-05
328.9	6.75822e-05	6.75551e-05
329.45	6.75944e-05	6.75682e-05
330	6.75944e-05	6.75682e-05
330.55	6.76043e-05	6.75789e-05
331.1	6.76117e-05	6.75871e-05
331.65	6.76117e-05	6.75871e-05
332.2	6.76167e-05	6.75929e-05
332.75	6.76167e-05	6.75929e-05
333.3	6.76192e-05	6.75962e-05
333.85	6.76192e-05	6.75962e-05
334.4	6.76193e-05	6.75971e-05
334.95	6.76193e-05	6.75971e-05
335.5	6.7617e-05	6.75955e-05
336.05	6.76123e-05	6.75914e-05
336.6	6.76123e-05	6.75914e-05
337.15	6.76051e-05	6.75849e-05
337.7	6.76051e-05	6.75849e-05
338.25	6.75955e-05	6.7576e-05
338.8	6.75955e-05	6.7576e-05
339.35	6.75834e-05	6.75646e-05
339.9	6.75834e-05	6.75646e-05
340.45	6.75689e-05	6.75507e-05
341	6.75689e-05	6.75507e-05
341.55	6.7552e-05	6.75344e-05
342.1	6.75326e-05	6.75156e-05
342.65	6.75326e-05	6.75156e-05
343.2	6.75109e-05	6.74943e-05
343.75	6.75109e-05	6.74943e-05
344.3	6.74866e-05	6.74706e-05
344.85	6.74866e-05	6.74706e-05
345.4	6.74599e-05	6.74445e-05
345.95	6.74599e-05	6.74445e-05
346.5	6.74308e-05	6.74159e-05
347.05	6.73992e-05	6.73848e-05
347.6	6.73992e-05	6.73848e-05
348.15	6.73652e-05	6.73512e-05
348.7	6.73652e-05	6.73512e-05
349.25	6.73288e-05	6.73152e-05
349.8	6.73288e-05	6.73152e-05
350.35	6.72898e-05	6.72767e-05
350.9	6.72898e-05	6.72767e-05
351.45	6.72485e-05	6.72358e-05
352	6.72485e-05	6.72358e-05
352.55	6.72046e-05	6.71924e-05
353.1	6.71583e-05	6.71465e-05
353.65	6.71583e-05	6.71465e-05
354.2	6.71096e-05	6.70981e-05
354.75	6.71096e-05	6.70981e-05
355.3	6.70584e-05	6.70473e-05
355.85	6.70584e-05	6.70473e-05
356.4	6.70047e-05	6.69939e-05
356.95	6.70047e-05	6.69939e-05
357.5	6.69485e-05	6.69381e-05
358.05	6.68899e-05	6.68798e-05
358.6	6.68899e-05	6.68798e-05
359.15	6.68288e-05	6.6819e-05
359.7	6.68288e-05	6.6819e-05
360.25	6.67652e-05	6.67558e-05
360.8	6.67652e-05	6.67558e-05
361.35	6.66991e-05	6.669e-05
361.9	6.66991e-05	6.669e-05
362.45	6.66305e-05	6.66217e-05
363	6.66305e-05	6.66217e-05
363.55	6.65594e-05	6.65509e-05
364.1	6.64859e-05	6.64776e-05
364.65	6.64859e-05	6.64776e-05
365.2	6.64098e-05	6.64018e-05
365.75	6.64098e-05	6.64018e-05
366.3	6.63312e-05	6.63235e-05
366.85	6.63312e-05	6.63235e-05
367.4	6.62502e-05	6.62427e-05
367.95	6.62502e-05	6.62427e-05
368.5	6.61666e-05	6.61593e-05
369.05	6.60804e-05	6.60735e-05
369.6	6.60804e-05	6.60735e-05
370.15	6.59918e-05	6.5985e-05
370.7	6.59918e-05	6.5985e-05
371.25	6.59006e-05	6.58941e-05
371.8	6.59006e-05	6.58941e-05
372.35	6.58069e-05	6.58006e-05
372.9	6.58069e-05	6.58006e-05
373.45	6.57106e-05	6.57045e-05
374	6.57106e-05	6.57045e-05
374.55	6.56118e-05	6.56059e-05
375.1	6.55105e-05	6.55048e-05
375.65	6.55105e-05	6.55048e-05
376.2	6.54066e-05	6.5401e-05
376.75	6.54066e-05	6.5401e-05
377.3	6.53001e-05	6.52947e-05
377.85	6.53001e-05	6.52947e-05
378.4	6.5191e-05	6.51859e-05
378.95	6.5191e-05	6.51859e-05
379.5	6.50794e-05	6.50744e-05
380.05	6.49652e-05	6.49604e-05
380.6	6.49652e-05	6.49604e-05
381.15	6.48484e-05	6.48437e-05
381.7	6.48484e-05	6.48437e-05
382.25	6.4729e-05	6.47245e-05
382.8	6.4729e-05	6.47245e-05
383.35	6.4607e-05	6.46026e-05
383.9	6.4607e-05	6.46026e-05
384.45	6.44824e-05	6.44781e-05
385	6.44824e-05	6.44781e-05
385.55	6.43552e-05	6.43511e-05
386.1	6.42253e-05	6.42213e-05
386.65	6.42253e-05	6.42213e-05
387.2	6.40928e-05	6.4089e-05
387.75	6.40928e-05	6.4089e-05
388.3	6.39577e-05	6.3954e-05
388.85	6.39577e-05	6.3954e-05
389.4	6.38199e-05	6.38163e-05
389.95	6.38199e-05	6.38163e-05
390.5	6.36795e-05	6.3676e-05
391.05	6.35364e-05	6.3533e-05
391.6	6.35364e-05	6.3533e-05
392.15	6.33906e-05	6.33874e-05
392.7	6.33906e-05	6.33874e-05
393.25	6.32422e-05	6.3239e-05
393.8	6.32422e-05	6.3239e-05
394.35	6.30911e-05	6.3088e-05
394.9	6.30911e-05	6.3088e-05
395.45	6.29372e-05	6.29343e-05
396	6.29372e-05	6.29343e-05
396.55	6.27807e-05	6.27779e-05
397.1	6.26215e-05	6.26187e-05
397.65	6.26215e-05	6.26187e-05
398.2	6.24595e-05	6.24568e-05
398.75	6.24595e-05	6.24568e-05
399.3	6.22948e-05	6.22922e-05
399.85	6.22948e-05	6.22922e-05
400.4	6.21273e-05	6.21249e-05
400.95	6.21273e-05	6.21249e-05
401.5	6.19571e-05	6.19547e-05
402.05	6.17842e-05	6.17819e-05
402.6	6.17842e-05	6.17819e-05
403.15	6.16085e-05	6.16062e-05
403.7	6.16085e-05	6.16062e-05
404.25	6.143e-05	6.14278e-05
404.8	6.143e-05	6.14278e-05
405.35	6.12487e-05	6.12466e-05
405.9	6.12487e-05	6.12466e-05
406.45	6.10646e-05	6.10626e-05
407	6.10646e-05	6.10626e-05
407.55	6.08777e-05	6.08757e-05
408.1	6.0688e-05	6.06861e-05
408.65	6.0688e-05	6.06861e-05
409.2	6.04954e-05	6.04936e-05
409.75	6.04954e-05	6.04936e-05
410.3	6.03e-05	6.02983e-05
410.85	6.03e-05	6.02983e-05
411.4	6.01018e-05	6.01001e-05
411.95	6.01018e-05	6.01001e-05
412.5	5.99007e-05	5.9899e-05
413.05	5.96967e-05	5.96951e-05
413.6	5.96967e-05	5.96951e-05
414.15	5.94899e-05	5.94883e-05
414.7	5.94899e-05	5.94883e-05
415.25	5.92801e-05	5.92786e-05
415.8	5.92801e-05	5.92786e-05
416.35	5.90674e-05	5.9066e-05
416.9	5.90674e-05	5.9066e-05
417.45	5.88519e-05	5.88505e-05
418	5.88519e-05	5.88505e-05
418.55	5.86334e-05	5.8632e-05
419.1	5.84119e-05	5.84106e-05
419.65	5.84119e-05	5.84106e-05
420.2	5.81875e-05	5.81862e-05
420.75	5.81875e-05	5.81862e-05
421.3	5.79601e-05	5.79589e-05
421.85	5.79601e-05	5.79589e-05
422.4	5.77298e-05	5.77286e-05
422.95	5.77298e-05	5.77286e-05
423.5	5.74965e-05	5.74953e-05
424.05	5.72601e-05	5.7259e-05
424.6	5.72601e-05	5.7259e-05
425.15	5.70208e-05	5.70197e-05
425.7	5.70208e-05	5.70197e-05
426.25	5.67784e-05	5.67774e-05
426.8	5.67784e-05	5.67774e-05
427.35	5.6533e-05	5.6532e-05
427.9	5.6533e-05	5.6532e-05
428.45	5.62845e-05	5.62836e-05
429	5.62845e-05	5.62836e-05
429.55	5.6033e-05	5.60321e-05
430.1	5.57784e-05	5.57775e-05
430.65	5.57784e-05	5.57775e-05
431.2	5.55207e-05	5.55198e-05
431.75	5.55207e-05	5.55198e-05
432.3	5.52599e-05	5.52591e-05
432.85	5.52599e-05	5.52591e-05
433.4	5.4996e-05	5.49952e-05
433.95	5.4996e-05	5.49952e-05
434.5	5.47289e-05	5.47281e-05
435.05	5.44587e-05	5.4458e-05
435.6	5.44587e-05	5.4458e-05
436.15	5.41854e-05	5.41846e-05
436.7	5.41854e-05	5.41846e-05
437.25	5.39088e-05	5.39081e-05
437.8	5.39088e-05	5.39081e-05
438.35	5.36291e-05	5.36284e-05
438.9	5.36291e-05	5.36284e-05
439.45	5.33462e-05	5.33455e-05
440	5.33462e-05	5.33455e-05
440.55	5.30601e-05	5.30594e-05
441.1	5.27707e-05	5.27701e-05
441.65	5.27707e-05	5.27701e-05
442.2	5.24781e-05	5.24775e-05
442.75	5.24781e-05	5.24775e-05
443.3	5.21822e-05	5.21817e-05
443.85	5.21822e-05	5.21817e-05
444.4	5.18831e-05	5.18826e-05
444.95	5.18831e-05	5.18826e-05
445.5	5.15807e-05	5.15801e-05
446.05	5.12749e-05	5.12744e-05
446.6	5.12749e-05	5.12744e-05
447.15	5.09659e-05	5.09654e-05
447.7	5.09659e-05	5.09654e-05
448.25	5.06535e-05	5.06531e-05
448.8	5.06535e-05	5.06531e-05
449.35	5.03378e-05	5.03374e-05
449.9	5.03378e-05	5.03374e-05
450.45	5.00187e-05	5.00183e-05
451	5.00187e-05	5.00183e-05
451.55	4.96963e-05	4.96958e-05
452.1	4.93704e-05	4.937e-05
452.65	4.93704e-05	4.937e-05
453.2	4.90411e-05	4.90407e-05
453.75	4.90411e-05	4.90407e-05
454.3	4.87084e-05	4.87081e-05
454.85	4.87084e-05	4.87081e-05
455.4	4.83723e-05	4.8372e-05
455.95	4.83723e-05	4.8372e-05
456.5	4.80327e-05	4.80324e-05
457.05	4.76897e-05	4.76893e-05
457.6	4.76897e-05	4.76893e-05
458.15	4.73431e-05	4.73428e-05
458.7	4.73431e-05	4.73428e-05
459.25	4.69931e-05	4.69928e-05
459.8	4.69931e-05	4.69928e-05
460.35	4.66395e-05	4.66392e-05
460.9	4.66395e-05	4.66392e-05
461.45	4.62824e-05	4.62821e-05
462	4.62824e-05	4.62821e-05
462.55	4.59217e-05	4.59214e-05
463.1	4.55575e-05	4.55572e-05
463.65	4.55575e-05	4.55572e-05
464.2	4.51897e-05	4.51894e-05
464.75	4.51897e-05	4.51894e-05
465.3	4.48182e-05	4.4818e-05
465.85	4.48182e-05	4.4818e-05
466.4	4.44432e-05	4.44429e-05
466.95	4.44432e-05	4.44429e-05
467.5	4.40645e-05	4.40643e-05
468.05	4.36822e-05	4.36819e-05
468.6	4.36822e-05	4.36819e-05
469.15	4.32962e-05	4.3296e-05
469.7	4.32962e-05	4.3296e-05
470.25	4.29065e-05	4.29063e-05
470.8	4.29065e-05	4.29063e-05
471.35	4.25131e-05	4.25129e-05
471.9	4.25131e-05	4.25129e-05
472.45	4.21159e-05	4.21158e-05
473	4.21159e-05	4.21158e-05
473.55	4.17151e-05	4.17149e-05
474.1	4.13105e-05	4.13103e-05
474.65	4.13105e-05	4.13103e-05
475.2	4.09021e-05	4.09019e-05
475.75	4.09021e-05	4.09019e-05
476.3	4.04899e-05	4.04897e-05
476.85	4.04899e-05	4.04897e-05
477.4	4.00739e-05	4.00737e-05
477.95	4.00739e-05	4.00737e-05
478.5	3.9654e-05	3.96539e-05
479.05	3.92304e-05	3.92302e-05
479.6	3.92304e-05	3.92302e-05
480.15	3.88028e-05	3.88027e-05
480.7	3.88028e-05	3.88027e-05
481.25	3.83714e-05	3.83713e-05
481.8	3.83714e-05	3.83713e-05
482.35	3.79361e-05	3.7936e-05
482.9	3.79361e-05	3.7936e-05
483.45	3.74969e-05	3.74968e-05
484	3.74969e-05	3.74968e-05
484.55	3.70537e-05	3.70536e-05
485.1	3.66066e-05	3.66065e-05
485.65	3.66066e-05	3.66065e-05
486.2	3.61555e-05	3.61554e-05
486.75	3.61555e-05	3.61554e-05
487.3	3.57004e-05	3.57003e-05
487.85	3.57004e-05	3.57003e-05
488.4	3.52413e-05	3.52412e-05
488.95	3.52413e-05	3.52412e-05
489.5	3.47782e-05	3.47781e-05
490.05	3.4311e-05	3.43109e-05
490.6	3.4311e-05	3.43109e-05
491.15	3.38398e-05	3.38397e-05
491.7	3.38398e-05	3.38397e-05
492.25	3.33644e-05	3.33644e-05
492.8	3.33644e-05	3.33644e-05
493.35	3.2885e-05	3.2885e-05
493.9	3.2885e-05	3.2885e-05
494.45	3.24015e-05	3.24014e-05
495	3.24015e-05	3.24014e-05
495.55	3.19138e-05	3.19137e-05
496.1	3.1422e-05	3.14219e-05
496.65	3.1422e-05	3.14219e-05
497.2	3.09259e-05	3.09259e-05
497.75	3.09259e-05	3.09259e-05
498.3	3.04257e-05	3.04257e-05
498.85	3.04257e-05	3.04257e-05
499.4	2.99213e-05	2.99212e-05
499.95	2.99213e-05	2.99212e-05
500.5	2.94126e-05	2.94126e-05
501.05	2.88997e-05	2.88997e-05
501.6	2.88997e-05	2.88997e-05
502.15	2.83825e-05	2.83825e-05
502.7	2.83825e-05	2.83825e-05
503.25	2.7861e-05	2.7861e-05
503.8	2.7861e-05	2.7861e-05
504.35	2.73352e-05	2.73352e-05
504.9	2.73352e-05	2.73352e-05
505.45	2.68051e-05	2.68051e-05
506	2.68051e-05	2.68051e-05
506.55	2.62706e-05	2.62706e-05
507.1	2.57318e-05	2.57318e-05
507.65	2.57318e-05	2.57318e-05
508.2	2.51885e-05	2.51885e-05
508.75	2.51885e-05	2.51885e-05
509.3	2.46409e-05	2.46409e-05
509.85	2.46409e-05	2.46409e-05
510.4	2.40888e-05	2.40888e-05
510.95	2.40888e-05	2.40888e-05
511.5	2.35323e-05	2.35323e-05
512.05	2.29713e-05	2.29713e-05
512.6	2.29713e-05	2.29713e-05
513.15	2.24058e-05	2.24058e-05
513.7	2.24058e-05	2.24058e-05
514.25	2.18359e-05	2.18358e-05
514.8	2.18359e-05	2.18358e-05
515.35	2.12614e-05	2.12613e-05
515.9	2.12614e-05	2.12613e-05
516.45	2.06823e-05	2.06823e-05
517	2.06823e-05	2.06823e-05
517.55	2.00987e-05	2.00987e-05
518.1	1.95105e-05	1.95105e-05
518.65	1.95105e-05	1.95105e-05
519.2	1.89177e-05	1.89177e-05
519.75	1.89177e-05	1.89177e-05
520.3	1.83202e-05	1.83202e-05
520.85	1.83202e-05	1.83202e-05
521.4	1.77182e-05	1.77182e-05
521.95	1.77182e-05	1.77182e-05
522.5	1.71114e-05	1.71114e-05
523.05	1.65e-05	1.65e-05
523.6	1.65e-05	1.65e-05
524.15	1.58839e-05	1.58839e-05
524.7	1.58839e-05	1.58839e-05
525.25	1.5263e-05	1.5263e-05
525.8	1.5263e-05	1.5263e-05
526.35	1.46374e-05	1.46374e-05
526.9	1.46374e-05	1.46374e-05
527.45	1.40071e-05	1.4007e-05
528	1.40071e-05	1.4007e-05
528.55	1.33719e-05	1.33719e-05
529.1	1.2732e-05	1.2732e-05
529.65	1.2732e-05	1.2732e-05
530.2	1.20872e-05	1.20872e-05
530.75	1.20872e-05	1.20872e-05
531.3	1.14376e-05	1.14376e-05
531.85	1.14376e-05	1.14376e-05
532.4	1.07831e-05	1.07831e-05
532.95	1.07831e-05	1.07831e-05
533.5	1.01237e-05	1.01237e-05
534.05	9.45947e-06	9.45947e-06
534.6	9.45947e-06	9.45947e-06
535.15	8.79028e-06	8.79028e-06
535.7	8.79028e-06	8.79028e-06
536.25	8.11615e-06	8.11615e-06
536.8	8.11615e-06	8.11615e-06
537.35	7.43706e-06	7.43706e-06
537.9	7.43706e-06	7.43706e-06
538.45	6.75298e-06	6.75298e-06
539	6.75298e-06	6.75298e-06
539.55	6.0639e-06	6.0639e-06
540.1	5.3698e-06	5.3698e-06
540.65	5.3698e-06	5.3698e-06
541.2	4.67066e-06	4.67066e-06
541.75	4.67066e-06	4.67066e-06
542.3	3.96646e-06	3.96645e-06
542.85	3.96646e-06	3.96645e-06
543.4	3.25717e-06	3.25717e-06
543.95	3.25717e-06	3.25717e-06
544.5	2.54278e-06	2.54278e-06
545.05	1.82327e-06	1.82327e-06
545.6	1.82327e-06	1.82327e-06
546.15	1.09862e-06	1.09862e-06
546.7	1.09862e-06	1.09862e-06
547.25	3.68803e-07	3.68803e-07
547.8	3.68803e-07	3.68803e-07
548.35	0	0
548.9	0	0
549.45	0	0
550	0	0
